year,sex,age,value
2015,both,40,3974207
2015,both,41,3849420
2015,both,42,3907624
2015,both,43,4083603
2015,both,44,4317303
2015,both,45,4370889
2015,both,46,4141473
2015,both,47,4055026
2015,both,48,4059493
2015,both,49,4134729
2015,both,50,4382781
2015,both,51,4462439
2015,both,52,4458057
2015,both,53,4447571
2015,both,54,4500647
2015,both,55,4538426
2015,both,56,4383906
2015,both,57,4355992
2015,both,58,4305620
2015,both,59,4149572
2015,both,60,4113021
2015,both,61,3942013
2015,both,62,3790340
2015,both,63,3640760
2015,both,64,3526596
2015,both,65,3442274
2015,both,66,3335226
2015,both,67,3296079
2015,both,68,3430360
2015,both,69,2527153
2015,both,70,2486735
2015,both,71,2414508
2015,both,72,2464193
2015,both,73,2141679
2015,both,74,1950011
2015,both,75,1836257
2015,both,76,1718782
2015,both,77,1636558
2015,both,78,1498697
2015,both,79,1420533
2015,both,80,1350403
2015,both,81,1200285
2015,both,82,1148211
2015,both,83,1081259
2015,both,84,1013571
2015,both,85,954754
2015,both,86,843278
2015,both,87,771721
2015,both,88,687162
2015,both,89,594409
2015,both,90,520830
2015,both,91,438629
2015,both,92,359436
2015,both,93,292695
2015,both,94,232294
2015,both,95,173061
2015,both,96,122361
2015,both,97,92105
2015,both,98,61601
2015,both,99,43288
2015,both,100,75472
2016,both,40,3860403
2016,both,41,3977315
2016,both,42,3851484
2016,both,43,3907487
2016,both,44,4082038
2016,both,45,4312847
2016,both,46,4364651
2016,both,47,4134387
2016,both,48,4046192
2016,both,49,4048976
2016,both,50,4121621
2016,both,51,4367006
2016,both,52,4444624
2016,both,53,4437846
2016,both,54,4425138
2016,both,55,4475470
2016,both,56,4511526
2016,both,57,4355419
2016,both,58,4325464
2016,both,59,4272878
2016,both,60,4115700
2016,both,61,4077251
2016,both,62,3905088
2016,both,63,3752148
2016,both,64,3600927
2016,both,65,3485781
2016,both,66,3400128
2016,both,67,3290872
2016,both,68,3248519
2016,both,69,3376693
2016,both,70,2483776
2016,both,71,2441159
2016,both,72,2366033
2016,both,73,2410060
2016,both,74,2090106
2016,both,75,1898429
2016,both,76,1782780
2016,both,77,1663622
2016,both,78,1578783
2016,both,79,1440113
2016,both,80,1358909
2016,both,81,1285388
2016,both,82,1135666
2016,both,83,1079613
2016,both,84,1009041
2016,both,85,938053
2016,both,86,875911
2016,both,87,765961
2016,both,88,693476
2016,both,89,610258
2016,both,90,520900
2016,both,91,450205
2016,both,92,373280
2016,both,93,300863
2016,both,94,240187
2016,both,95,187305
2016,both,96,136075
2016,both,97,94765
2016,both,98,69495
2016,both,99,45050
2016,both,100,81224
2017,both,40,3981422
2017,both,41,3861823
2017,both,42,3977690
2017,both,43,3850482
2017,both,44,3905170
2017,both,45,4077113
2017,both,46,4305556
2017,both,47,4355769
2017,both,48,4124135
2017,both,49,4034727
2017,both,50,4035320
2017,both,51,4106035
2017,both,52,4349332
2017,both,53,4424036
2017,both,54,4415026
2017,both,55,4399637
2017,both,56,4448114
2017,both,57,4482263
2017,both,58,4324183
2017,both,59,4291462
2017,both,60,4236755
2017,both,61,4078415
2017,both,62,4038221
2017,both,63,3864573
2017,both,64,3710079
2017,both,65,3558031
2017,both,66,3441721
2017,both,67,3354408
2017,both,68,3242740
2017,both,69,3196696
2017,both,70,3318766
2017,both,71,2437215
2017,both,72,2391762
2017,both,73,2313395
2017,both,74,2351500
2017,both,75,2034126
2017,both,76,1842540
2017,both,77,1725115
2017,both,78,1604246
2017,both,79,1516665
2017,both,80,1377172
2017,both,81,1292841
2017,both,82,1215835
2017,both,83,1066869
2017,both,84,1007070
2017,both,85,933308
2017,both,86,859842
2017,both,87,795166
2017,both,88,687639
2017,both,89,615157
2017,both,90,534374
2017,both,91,449442
2017,both,92,382614
2017,both,93,311809
2017,both,94,246861
2017,both,95,192795
2017,both,96,147502
2017,both,97,104121
2017,both,98,71614
2017,both,99,50997
2017,both,100,85685
2018,both,40,4024924
2018,both,41,3979514
2018,both,42,3859343
2018,both,43,3973708
2018,both,44,3845645
2018,both,45,3898452
2018,both,46,4068075
2018,both,47,4294760
2018,both,48,4343440
2018,both,49,4110710
2018,both,50,4019811
2018,both,51,4018913
2018,both,52,4088127
2018,both,53,4328837
2018,both,54,4400535
2018,both,55,4388782
2018,both,56,4371470
2018,both,57,4417512
2018,both,58,4449275
2018,both,59,4289053
2018,both,60,4253718
2018,both,61,4196759
2018,both,62,4037587
2018,both,63,3995006
2018,both,64,3820115
2018,both,65,3664537
2018,both,66,3511071
2018,both,67,3393514
2018,both,68,3304652
2018,both,69,3190525
2018,both,70,3140795
2018,both,71,3257223
2018,both,72,2387143
2018,both,73,2338608
2018,both,74,2256938
2018,both,75,2288559
2018,both,76,1974067
2018,both,77,1782832
2018,both,78,1663683
2018,both,79,1541038
2018,both,80,1450531
2018,both,81,1310292
2018,both,82,1222929
2018,both,83,1142652
2018,both,84,994990
2018,both,85,931923
2018,both,86,855703
2018,both,87,780587
2018,both,88,714270
2018,both,89,610171
2018,both,90,538774
2018,both,91,461479
2018,both,92,381894
2018,both,93,319873
2018,both,94,255898
2018,both,95,198722
2018,both,96,151483
2018,both,97,113667
2018,both,98,77649
2018,both,99,52961
2018,both,100,92972
2019,both,40,4105709
2019,both,41,4019958
2019,both,42,3974312
2019,both,43,3853638
2019,both,44,3966944
2019,both,45,3836998
2019,both,46,3888073
2019,both,47,4056429
2019,both,48,4280947
2019,both,49,4327992
2019,both,50,4094418
2019,both,51,4002526
2019,both,52,4000400
2019,both,53,4067623
2019,both,54,4304917
2019,both,55,4373694
2019,both,56,4359755
2019,both,57,4340608
2019,both,58,4384207
2019,both,59,4412827
2019,both,60,4251134
2019,both,61,4213365
2019,both,62,4153798
2019,both,63,3993205
2019,both,64,3948632
2019,both,65,3772844
2019,both,66,3615850
2019,both,67,3461413
2019,both,68,3342834
2019,both,69,3251426
2019,both,70,3135014
2019,both,71,3083271
2019,both,72,3191829
2019,both,73,2334191
2019,both,74,2282672
2019,both,75,2197748
2019,both,76,2222302
2019,both,77,1910947
2019,both,78,1720403
2019,both,79,1599424
2019,both,80,1474935
2019,both,81,1381382
2019,both,82,1240760
2019,both,83,1150775
2019,both,84,1067248
2019,both,85,921813
2019,both,86,856266
2019,both,87,778359
2019,both,88,702651
2019,both,89,635584
2019,both,90,535932
2019,both,91,466780
2019,both,92,393702
2019,both,93,320322
2019,both,94,263796
2019,both,95,206970
2019,both,96,157244
2019,both,97,116965
2019,both,98,85867
2019,both,99,56774
2019,both,100,100442
2020,both,40,4381528
2020,both,41,4203064
2020,both,42,4108698
2020,both,43,4057496
2020,both,44,3919829
2020,both,45,3963800
2020,both,46,3889248
2020,both,47,3943347
2020,both,48,4136149
2020,both,49,4385147
2020,both,50,4317006
2020,both,51,4156920
2020,both,52,4069551
2020,both,53,4085985
2020,both,54,4148923
2020,both,55,4312135
2020,both,56,4417792
2020,both,57,4422740
2020,both,58,4440158
2020,both,59,4433938
2020,both,60,4357519
2020,both,61,4277177
2020,both,62,4241405
2020,both,63,4165800
2020,both,64,3982632
2020,both,65,3890031
2020,both,66,3752653
2020,both,67,3596698
2020,both,68,3461200
2020,both,69,3293714
2020,both,70,3142959
2020,both,71,3059260
2020,both,72,2993652
2020,both,73,3151052
2020,both,74,2228062
2020,both,75,2132837
2020,both,76,2071454
2020,both,77,2086235
2020,both,78,1780048
2020,both,79,1590753
2020,both,80,1450396
2020,both,81,1341701
2020,both,82,1247313
2020,both,83,1106724
2020,both,84,1014803
2020,both,85,926424
2020,both,86,792896
2020,both,87,725978
2020,both,88,651234
2020,both,89,576342
2020,both,90,502246
2020,both,91,417588
2020,both,92,354026
2020,both,93,288362
2020,both,94,226079
2020,both,95,177955
2020,both,96,133573
2020,both,97,97214
2020,both,98,68009
2020,both,99,47561
2020,both,100,75529
2021,both,40,4393776
2021,both,41,4373540
2021,both,42,4194477
2021,both,43,4100197
2021,both,44,4048283
2021,both,45,3909847
2021,both,46,3952445
2021,both,47,3876760
2021,both,48,3929193
2021,both,49,4119781
2021,both,50,4365888
2021,both,51,4296507
2021,both,52,4135451
2021,both,53,4046531
2021,both,54,4060877
2021,both,55,4120958
2021,both,56,4280272
2021,both,57,4382547
2021,both,58,4384337
2021,both,59,4398390
2021,both,60,4388581
2021,both,61,4309141
2021,both,62,4226046
2021,both,63,4186825
2021,both,64,4108077
2021,both,65,3924142
2021,both,66,3829330
2021,both,67,3690251
2021,both,68,3532708
2021,both,69,3395056
2021,both,70,3227036
2021,both,71,3073679
2021,both,72,2985622
2021,both,73,2914348
2021,both,74,3060706
2021,both,75,2156828
2021,both,76,2058794
2021,both,77,1991983
2021,both,78,1998138
2021,both,79,1696733
2021,both,80,1508283
2021,both,81,1367021
2021,both,82,1255754
2021,both,83,1158447
2021,both,84,1018673
2021,both,85,924949
2021,both,86,835477
2021,both,87,706310
2021,both,88,638949
2021,both,89,564734
2021,both,90,492014
2021,both,91,421618
2021,both,92,344006
2021,both,93,285891
2021,both,94,227928
2021,both,95,174263
2021,both,96,134000
2021,both,97,97799
2021,both,98,69218
2021,both,99,46606
2021,both,100,77452
2022,both,40,4438786
2022,both,41,4375219
2022,both,42,4356125
2022,both,43,4175926
2022,both,44,4081360
2022,both,45,4029138
2022,both,46,3891868
2022,both,47,3935451
2022,both,48,3859402
2022,both,49,3908239
2022,both,50,4094089
2022,both,51,4334593
2022,both,52,4265282
2022,both,53,4102135
2022,both,54,4011448
2022,both,55,4021403
2022,both,56,4075771
2022,both,57,4228510
2022,both,58,4322714
2022,both,59,4318616
2022,both,60,4327473
2022,both,61,4313536
2022,both,62,4231279
2022,both,63,4144198
2022,both,64,4101937
2022,both,65,4020640
2022,both,66,3833262
2022,both,67,3737326
2022,both,68,3598472
2022,both,69,3441722
2022,both,70,3305273
2022,both,71,3141497
2022,both,72,2988811
2022,both,73,2898395
2022,both,74,2823041
2022,both,75,2959404
2022,both,76,2083434
2022,both,77,1986144
2022,both,78,1915774
2022,both,79,1916244
2022,both,80,1623833
2022,both,81,1441506
2022,both,82,1303339
2022,both,83,1193273
2022,both,84,1097594
2022,both,85,962356
2022,both,86,870823
2022,both,87,798679
2022,both,88,672727
2022,both,89,601746
2022,both,90,524576
2022,both,91,450431
2022,both,92,380133
2022,both,93,304906
2022,both,94,248895
2022,both,95,194667
2022,both,96,145421
2022,both,97,109622
2022,both,98,78028
2022,both,99,53870
2022,both,100,88988
2023,both,40,4445859
2023,both,41,4436751
2023,both,42,4372484
2023,both,43,4352571
2023,both,44,4172689
2023,both,45,4077310
2023,both,46,4023471
2023,both,47,3884513
2023,both,48,3925534
2023,both,49,3847742
2023,both,50,3894415
2023,both,51,4077909
2023,both,52,4315978
2023,both,53,4246083
2023,both,54,4083098
2023,both,55,3991595
2023,both,56,4000190
2023,both,57,4052231
2023,both,58,4201649
2023,both,59,4292915
2023,both,60,4286224
2023,both,61,4292422
2023,both,62,4275334
2023,both,63,4190527
2023,both,64,4101235
2023,both,65,4055957
2023,both,66,3972246
2023,both,67,3783926
2023,both,68,3685760
2023,both,69,3544847
2023,both,70,3386157
2023,both,71,3247390
2023,both,72,3081090
2023,both,73,2925834
2023,both,74,2831600
2023,both,75,2751641
2023,both,76,2876432
2023,both,77,2019916
2023,both,78,1918989
2023,both,79,1843781
2023,both,80,1835966
2023,both,81,1547923
2023,both,82,1365759
2023,both,83,1226680
2023,both,84,1114894
2023,both,85,1017446
2023,both,86,884880
2023,both,87,793482
2023,both,88,720739
2023,both,89,600500
2023,both,90,530741
2023,both,91,456677
2023,both,92,386590
2023,both,93,321234
2023,both,94,253443
2023,both,95,203141
2023,both,96,155804
2023,both,97,113960
2023,both,98,83998
2023,both,99,58334
2023,both,100,96220
2024,both,40,4384820
2024,both,41,4444213
2024,both,42,4434133
2024,both,43,4369370
2024,both,44,4348741
2024,both,45,4168584
2024,both,46,4071714
2024,both,47,4015834
2024,both,48,3875070
2024,both,49,3913665
2024,both,50,3834529
2024,both,51,3879452
2024,both,52,4060969
2024,both,53,4296681
2024,both,54,4226249
2024,both,55,4063171
2024,both,56,3970745
2024,both,57,3977642
2024,both,58,4027228
2024,both,59,4173227
2024,both,60,4261220
2024,both,61,4251854
2024,both,62,4255055
2024,both,63,4234670
2024,both,64,4147325
2024,both,65,4055646
2024,both,66,4007426
2024,both,67,3921269
2024,both,68,3732032
2024,both,69,3631181
2024,both,70,3487969
2024,both,71,3326915
2024,both,72,3185610
2024,both,73,3016555
2024,both,74,2858706
2024,both,75,2760382
2024,both,76,2675472
2024,both,77,2787993
2024,both,78,1952096
2024,both,79,1847332
2024,both,80,1766983
2024,both,81,1750256
2024,both,82,1467026
2024,both,83,1285760
2024,both,84,1146539
2024,both,85,1033902
2024,both,86,935833
2024,both,87,806737
2024,both,88,716240
2024,both,89,643711
2024,both,90,529975
2024,both,91,462324
2024,both,92,392226
2024,both,93,326949
2024,both,94,267171
2024,both,95,207018
2024,both,96,162723
2024,both,97,122212
2024,both,98,87417
2024,both,99,62906
2024,both,100,101480
2025,both,40,4484465
2025,both,41,4383952
2025,both,42,4441984
2025,both,43,4431147
2025,both,44,4365962
2025,both,45,4344069
2025,both,46,4162929
2025,both,47,4064162
2025,both,48,4006104
2025,both,49,3863702
2025,both,50,3900265
2025,both,51,3820245
2025,both,52,3863781
2025,both,53,4043454
2025,both,54,4276780
2025,both,55,4205571
2025,both,56,4042300
2025,both,57,3948674
2025,both,58,3953672
2025,both,59,4000738
2025,both,60,4143031
2025,both,61,4227535
2025,both,62,4215200
2025,both,63,4215221
2025,both,64,4191527
2025,both,65,4101586
2025,both,66,4007544
2025,both,67,3956298
2025,both,68,3867621
2025,both,69,3677198
2025,both,70,3573270
2025,both,71,3427379
2025,both,72,3263648
2025,both,73,3119581
2025,both,74,2947712
2025,both,75,2787163
2025,both,76,2684463
2025,both,77,2594173
2025,both,78,2693746
2025,both,79,1879742
2025,both,80,1770816
2025,both,81,1684977
2025,both,82,1658993
2025,both,83,1381541
2025,both,84,1202109
2025,both,85,1063680
2025,both,86,951389
2025,both,87,853513
2025,both,88,728639
2025,both,89,639890
2025,both,90,568440
2025,both,91,461982
2025,both,92,397340
2025,both,93,331969
2025,both,94,272160
2025,both,95,218386
2025,both,96,165976
2025,both,97,127760
2025,both,98,93846
2025,both,99,65550
2025,both,100,106523
2026,both,40,4495947
2026,both,41,4483818
2026,both,42,4382503
2026,both,43,4439467
2026,both,44,4427878
2026,both,45,4361760
2026,both,46,4337895
2026,both,47,4155336
2026,both,48,4054546
2026,both,49,3994512
2026,both,50,3850854
2026,both,51,3885840
2026,both,52,3805329
2026,both,53,3847682
2026,both,54,4025448
2026,both,55,4256095
2026,both,56,4183966
2026,both,57,4020205
2026,both,58,3925293
2026,both,59,3928279
2026,both,60,3972575
2026,both,61,4110975
2026,both,62,4191570
2026,both,63,4176162
2026,both,64,4172913
2026,both,65,4145836
2026,both,66,4053328
2026,both,67,3956905
2026,both,68,3902533
2026,both,69,3810952
2026,both,70,3619061
2026,both,71,3511580
2026,both,72,3362697
2026,both,73,3196132
2026,both,74,3049111
2026,both,75,2874366
2026,both,76,2710936
2026,both,77,2603485
2026,both,78,2507476
2026,both,79,2593392
2026,both,80,1802447
2026,both,81,1689077
2026,both,82,1597653
2026,both,83,1562607
2026,both,84,1292102
2026,both,85,1115616
2026,both,86,979233
2026,both,87,868115
2026,both,88,771229
2026,both,89,651381
2026,both,90,565286
2026,both,91,495817
2026,both,92,397352
2026,both,93,336538
2026,both,94,276566
2026,both,95,222680
2026,both,96,175226
2026,both,97,130440
2026,both,98,98205
2026,both,99,70453
2026,both,100,110819
2027,both,40,4500726
2027,both,41,4495739
2027,both,42,4482564
2027,both,43,4380700
2027,both,44,4436663
2027,both,45,4423804
2027,both,46,4356050
2027,both,47,4329742
2027,both,48,4145650
2027,both,49,4043029
2027,both,50,3981408
2027,both,51,3836994
2027,both,52,3870800
2027,both,53,3789958
2027,both,54,3831208
2027,both,55,4006725
2027,both,56,4234510
2027,both,57,4161125
2027,both,58,3996760
2027,both,59,3900500
2027,both,60,3901227
2027,both,61,3942611
2027,both,62,4076704
2027,both,63,4153170
2027,both,64,4134642
2027,both,65,4128017
2027,both,66,4097541
2027,both,67,4002510
2027,both,68,3903578
2027,both,69,3845735
2027,both,70,3750846
2027,both,71,3557103
2027,both,72,3445690
2027,both,73,3293624
2027,both,74,3124148
2027,both,75,2973922
2027,both,76,2796212
2027,both,77,2629595
2027,both,78,2517106
2027,both,79,2415035
2027,both,80,2486349
2027,both,81,1719810
2027,both,82,1602020
2027,both,83,1505394
2027,both,84,1461782
2027,both,85,1199570
2027,both,86,1027431
2027,both,87,893944
2027,both,88,784804
2027,both,89,689808
2027,both,90,575814
2027,both,91,493298
2027,both,92,426733
2027,both,93,336822
2027,both,94,280589
2027,both,95,226476
2027,both,96,178861
2027,both,97,137828
2027,both,98,100371
2027,both,99,73804
2027,both,100,116676
2028,both,40,4567385
2028,both,41,4501052
2028,both,42,4494922
2028,both,43,4480901
2028,both,44,4378557
2028,both,45,4433019
2028,both,46,4418210
2028,both,47,4348354
2028,both,48,4319426
2028,both,49,4134026
2028,both,50,4029976
2028,both,51,3967245
2028,both,52,3822487
2028,both,53,3855307
2028,both,54,3774159
2028,both,55,3814053
2028,both,56,3987164
2028,both,57,4211689
2028,both,58,4136911
2028,both,59,3971888
2028,both,60,3874077
2028,both,61,3872375
2028,both,62,3910467
2028,both,63,4040029
2028,both,64,4112273
2028,both,65,4090511
2028,both,66,4080524
2028,both,67,4046600
2028,both,68,3948998
2028,both,69,3847177
2028,both,70,3785480
2028,both,71,3686773
2028,both,72,3490910
2028,both,73,3375317
2028,both,74,3219943
2028,both,75,3047387
2028,both,76,2893668
2028,both,77,2712799
2028,both,78,2542810
2028,both,79,2424960
2028,both,80,2316287
2028,both,81,2372073
2028,both,82,1631763
2028,both,83,1510028
2028,both,84,1408840
2028,both,85,1357479
2028,both,86,1105190
2028,both,87,938350
2028,both,88,808580
2028,both,89,702304
2028,both,90,610121
2028,both,91,502820
2028,both,92,424792
2028,both,93,361983
2028,both,94,281070
2028,both,95,229972
2028,both,96,182078
2028,both,97,140846
2028,both,98,106154
2028,both,99,75513
2028,both,100,122710
2029,both,40,4666770
2029,both,41,4567890
2029,both,42,4500700
2029,both,43,4493706
2029,both,44,4478856
2029,both,45,4375563
2029,both,46,4427836
2029,both,47,4410618
2029,both,48,4338519
2029,both,49,4307171
2029,both,50,4120888
2029,both,51,4015884
2029,both,52,3952459
2029,both,53,3807560
2029,both,54,3839420
2029,both,55,3757699
2029,both,56,3796105
2029,both,57,3966445
2029,both,58,4187530
2029,both,59,4111254
2029,both,60,3945342
2029,both,61,3845885
2029,both,62,3841382
2029,both,63,3875963
2029,both,64,4000889
2029,both,65,4068807
2029,both,66,4043823
2029,both,67,4030391
2029,both,68,3992961
2029,both,69,3892422
2029,both,70,3787340
2029,both,71,3721319
2029,both,72,3618335
2029,both,73,3420171
2029,both,74,3300229
2029,both,75,3141338
2029,both,76,2965566
2029,both,77,2807965
2029,both,78,2623815
2029,both,79,2450250
2029,both,80,2326467
2029,both,81,2210743
2029,both,82,2250474
2029,both,83,1538656
2029,both,84,1413719
2029,both,85,1308918
2029,both,86,1251075
2029,both,87,1009793
2029,both,88,849148
2029,both,89,724011
2029,both,90,621517
2029,both,91,533113
2029,both,92,433302
2029,both,93,360561
2029,both,94,302291
2029,both,95,230580
2029,both,96,185063
2029,both,97,143523
2029,both,98,108604
2029,both,99,79956
2029,both,100,127742
2030,both,40,4819276
2030,both,41,4667395
2030,both,42,4567668
2030,both,43,4499865
2030,both,44,4492059
2030,both,45,4475909
2030,both,46,4371010
2030,both,47,4420612
2030,both,48,4400818
2030,both,49,4326689
2030,both,50,4293347
2030,both,51,4106670
2030,both,52,4001131
2030,both,53,3937189
2030,both,54,3792238
2030,both,55,3822849
2030,both,56,3740438
2030,both,57,3777020
2030,both,58,3944396
2030,both,59,4161903
2030,both,60,4083871
2030,both,61,3916950
2030,both,62,3815488
2030,both,63,3808029
2030,both,64,3838989
2030,both,65,3959162
2030,both,66,4022748
2030,both,67,3994526
2030,both,68,3977520
2030,both,69,3936233
2030,both,70,3832361
2030,both,71,3723582
2030,both,72,3652813
2030,both,73,3545232
2030,both,74,3344613
2030,both,75,3220093
2030,both,76,3057487
2030,both,77,2878229
2030,both,78,2716465
2030,both,79,2528901
2030,both,80,2351299
2030,both,81,2221131
2030,both,82,2098337
2030,both,83,2122006
2030,both,84,1441121
2030,both,85,1313997
2030,both,86,1206917
2030,both,87,1143500
2030,both,88,914209
2030,both,89,760724
2030,both,90,641149
2030,both,91,543400
2030,both,92,459709
2030,both,93,368061
2030,both,94,301314
2030,both,95,248192
2030,both,96,185730
2030,both,97,146019
2030,both,98,110789
2030,both,99,81891
2030,both,100,134038
2031,both,40,4828516
2031,both,41,4819676
2031,both,42,4667211
2031,both,43,4566911
2031,both,44,4498533
2031,both,45,4489432
2031,both,46,4471335
2031,both,47,4364378
2031,both,48,4411139
2031,both,49,4388941
2031,both,50,4313196
2031,both,51,4278377
2031,both,52,4091713
2031,both,53,3985842
2031,both,54,3921415
2031,both,55,3776193
2031,both,56,3805412
2031,both,57,3722004
2031,both,58,3756609
2031,both,59,3920897
2031,both,60,4134458
2031,both,61,4054536
2031,both,62,3886285
2031,both,63,3782656
2031,both,64,3772208
2031,both,65,3799425
2031,both,66,3914810
2031,both,67,3974044
2031,both,68,3942510
2031,both,69,3921492
2031,both,70,3875975
2031,both,71,3768255
2031,both,72,3655449
2031,both,73,3579568
2031,both,74,3467223
2031,both,75,3263925
2031,both,76,3134586
2031,both,77,2967927
2031,both,78,2784965
2031,both,79,2618763
2031,both,80,2427357
2031,both,81,2245442
2031,both,82,2108904
2031,both,83,1979500
2031,both,84,1987507
2031,both,85,1340046
2031,both,86,1212155
2031,both,87,1103737
2031,both,88,1035693
2031,both,89,819397
2031,both,90,674025
2031,both,91,560947
2031,both,92,468893
2031,both,93,390767
2031,both,94,307819
2031,both,95,247567
2031,both,96,200099
2031,both,97,146696
2031,both,98,112833
2031,both,99,83638
2031,both,100,139390
2032,both,40,4788416
2032,both,41,4829168
2032,both,42,4819225
2032,both,43,4666428
2032,both,44,4565622
2032,both,45,4496180
2032,both,46,4485119
2032,both,47,4464618
2032,both,48,4355456
2032,both,49,4399533
2032,both,50,4375356
2032,both,51,4298488
2032,both,52,4262630
2032,both,53,4076161
2032,both,54,3970006
2032,both,55,3904838
2032,both,56,3759242
2032,both,57,3786743
2032,both,58,3702203
2032,both,59,3734739
2032,both,60,3895620
2032,both,61,4104979
2032,both,62,4022795
2032,both,63,3853089
2032,both,64,3747280
2032,both,65,3733790
2032,both,66,3757267
2032,both,67,3867782
2032,both,68,3922603
2032,both,69,3887319
2032,both,70,3861834
2032,both,71,3811582
2032,both,72,3699632
2032,both,73,3582522
2032,both,74,3501273
2032,both,75,3383921
2032,both,76,3177736
2032,both,77,3043220
2032,both,78,2872236
2032,both,79,2685351
2032,both,80,2514125
2032,both,81,2318633
2032,both,82,2132630
2032,both,83,1990185
2032,both,84,1854978
2032,both,85,1848206
2032,both,86,1236730
2032,both,87,1109067
2032,both,88,1000242
2032,both,89,928712
2032,both,90,726380
2032,both,91,590055
2032,both,92,484389
2032,both,93,398857
2032,both,94,327062
2032,both,95,253123
2032,both,96,199747
2032,both,97,158197
2032,both,98,113474
2032,both,99,85275
2032,both,100,143974
2033,both,40,4717371
2033,both,41,4789562
2033,both,42,4829095
2033,both,43,4818330
2033,both,44,4665215
2033,both,45,4563414
2033,both,46,4492235
2033,both,47,4478758
2033,both,48,4455700
2033,both,49,4344545
2033,both,50,4386345
2033,both,51,4360698
2033,both,52,4283131
2033,both,53,4246438
2033,both,54,4060211
2033,both,55,3953536
2033,both,56,3887506
2033,both,57,3741256
2033,both,58,3766889
2033,both,59,3681165
2033,both,60,3711359
2033,both,61,3868605
2033,both,62,4073270
2033,both,63,3988652
2033,both,64,3817509
2033,both,65,3709500
2033,both,66,3693001
2033,both,67,3712741
2033,both,68,3818292
2033,both,69,3868258
2033,both,70,3828804
2033,both,71,3798313
2033,both,72,3742893
2033,both,73,3626439
2033,both,74,3504809
2033,both,75,3417860
2033,both,76,3295165
2033,both,77,3085801
2033,both,78,2945765
2033,both,79,2770166
2033,both,80,2578765
2033,both,81,2402166
2033,both,82,2202850
2033,both,83,2013335
2033,both,84,1865803
2033,both,85,1725961
2033,both,86,1705921
2033,both,87,1132122
2033,both,88,1005637
2033,both,89,897500
2033,both,90,823743
2033,both,91,636266
2033,both,92,509860
2033,both,93,412372
2033,both,94,334093
2033,both,95,269181
2033,both,96,204416
2033,both,97,158057
2033,both,98,122505
2033,both,99,85857
2033,both,100,147980
2034,both,40,4681419
2034,both,41,4719132
2034,both,42,4789967
2034,both,43,4828559
2034,both,44,4816995
2034,both,45,4663061
2034,both,46,4559596
2034,both,47,4486240
2034,both,48,4470188
2034,both,49,4444773
2034,both,50,4332063
2034,both,51,4372083
2034,both,52,4345383
2034,both,53,4267322
2034,both,54,4229847
2034,both,55,4043615
2034,both,56,3936304
2034,both,57,3869110
2034,both,58,3722115
2034,both,59,3745788
2034,both,60,3658649
2034,both,61,3686328
2034,both,62,3839468
2034,both,63,4039127
2034,both,64,3952046
2034,both,65,3779480
2034,both,66,3669363
2034,both,67,3649880
2034,both,68,3665850
2034,both,69,3765984
2034,both,70,3810614
2034,both,71,3766470
2034,both,72,3730519
2034,both,73,3669582
2034,both,74,3548411
2034,both,75,3421978
2034,both,76,3328937
2034,both,77,3200454
2034,both,78,2987686
2034,both,79,2841769
2034,both,80,2660889
2034,both,81,2464648
2034,both,82,2282888
2034,both,83,2080372
2034,both,84,1888275
2034,both,85,1736840
2034,both,86,1594074
2034,both,87,1561865
2034,both,88,1027100
2034,both,89,902885
2034,both,90,796597
2034,both,91,721986
2034,both,92,550137
2034,both,93,434368
2034,both,94,345713
2034,both,95,275198
2034,both,96,217586
2034,both,97,161911
2034,both,98,122511
2034,both,99,92789
2034,both,100,150910
2035,both,40,4630293
2035,both,41,4683650
2035,both,42,4720128
2035,both,43,4789888
2035,both,44,4827568
2035,both,45,4814704
2035,both,46,4659277
2035,both,47,4553712
2035,both,48,4478034
2035,both,49,4459613
2035,both,50,4432260
2035,both,51,4318515
2035,both,52,4357172
2035,both,53,4329630
2035,both,54,4251111
2035,both,55,4212606
2035,both,56,4026248
2035,both,57,3918004
2035,both,58,3849526
2035,both,59,3701754
2035,both,60,3723203
2035,both,61,3634510
2035,both,62,3659258
2035,both,63,3807998
2035,both,64,4002481
2035,both,65,3912920
2035,both,66,3739064
2035,both,67,3626927
2035,both,68,3604430
2035,both,69,3616253
2035,both,70,3710468
2035,both,71,3749171
2035,both,72,3699907
2035,both,73,3658115
2035,both,74,3591365
2035,both,75,3465215
2035,both,76,3333638
2035,both,77,3233994
2035,both,78,3099333
2035,both,79,2882925
2035,both,80,2730356
2035,both,81,2543828
2035,both,82,2343030
2035,both,83,2156654
2035,both,84,1951931
2035,both,85,1758527
2035,both,86,1604923
2035,both,87,1460420
2035,both,88,1417255
2035,both,89,922691
2035,both,90,801888
2035,both,91,698699
2035,both,92,624662
2035,both,93,469002
2035,both,94,364434
2035,both,95,285037
2035,both,96,222650
2035,both,97,172511
2035,both,98,125624
2035,both,99,92888
2035,both,100,157676
2036,both,40,4597139
2036,both,41,4633035
2036,both,42,4685103
2036,both,43,4720620
2036,both,44,4789346
2036,both,45,4825609
2036,both,46,4810763
2036,both,47,4653407
2036,both,48,4545606
2036,both,49,4467822
2036,both,50,4447457
2036,both,51,4418661
2036,both,52,4304312
2036,both,53,4341813
2036,both,54,4313473
2036,both,55,4234246
2036,both,56,4194570
2036,both,57,4007794
2036,both,58,3898514
2036,both,59,3828697
2036,both,60,3679940
2036,both,61,3698974
2036,both,62,3608363
2036,both,63,3629938
2036,both,64,3774140
2036,both,65,3963278
2036,both,66,3871334
2036,both,67,3696303
2036,both,68,3582194
2036,both,69,3556318
2036,both,70,3563566
2036,both,71,3651257
2036,both,72,3683526
2036,both,73,3628783
2036,both,74,3580837
2036,both,75,3507909
2036,both,76,3376451
2036,both,77,3239274
2036,both,78,3132563
2036,both,79,2991312
2036,both,80,2770616
2036,both,81,2610944
2036,both,82,2419034
2036,both,83,2214267
2036,both,84,2024208
2036,both,85,1818599
2036,both,86,1625733
2036,both,87,1471150
2036,both,88,1326132
2036,both,89,1273491
2036,both,90,819990
2036,both,91,703814
2036,both,92,604981
2036,both,93,532921
2036,both,94,393786
2036,both,95,300717
2036,both,96,230834
2036,both,97,176697
2036,both,98,133988
2036,both,99,95354
2036,both,100,162196
2037,both,40,4625023
2037,both,41,4600286
2037,both,42,4634976
2037,both,43,4686035
2037,both,44,4720635
2037,both,45,4787832
2037,both,46,4821999
2037,both,47,4804709
2037,both,48,4645289
2037,both,49,4535478
2037,both,50,4456028
2037,both,51,4434208
2037,both,52,4404403
2037,both,53,4289660
2037,both,54,4326043
2037,both,55,4296665
2037,both,56,4216583
2037,both,57,4175431
2037,both,58,3988136
2037,both,59,3877775
2037,both,60,3806378
2037,both,61,3656508
2037,both,62,3672710
2037,both,63,3579993
2037,both,64,3598310
2037,both,65,3737839
2037,both,66,3921588
2037,both,67,3827340
2037,both,68,3651206
2037,both,69,3534828
2037,both,70,3505160
2037,both,71,3507326
2037,both,72,3587946
2037,both,73,3613335
2037,both,74,3552827
2037,both,75,3498343
2037,both,76,3418812
2037,both,77,3281590
2037,both,78,3138415
2037,both,79,3024150
2037,both,80,2875433
2037,both,81,2650163
2037,both,82,2483607
2037,both,83,2286857
2037,both,84,2079097
2037,both,85,1886649
2037,both,86,1682060
2037,both,87,1490991
2037,both,88,1336650
2037,both,89,1192497
2037,both,90,1132091
2037,both,91,720187
2037,both,92,609861
2037,both,93,516547
2037,both,94,447799
2037,both,95,325197
2037,both,96,243750
2037,both,97,183383
2037,both,98,137380
2037,both,99,101817
2037,both,100,166806
2038,both,40,4705350
2038,both,41,4628383
2038,both,42,4602619
2038,both,43,4636384
2038,both,44,4686478
2038,both,45,4719666
2038,both,46,4784666
2038,both,47,4816271
2038,both,48,4796377
2038,both,49,4635132
2038,both,50,4523758
2038,both,51,4443151
2038,both,52,4420299
2038,both,53,4389686
2038,both,54,4274606
2038,both,55,4309618
2038,both,56,4279055
2038,both,57,4197805
2038,both,58,4155052
2038,both,59,3967214
2038,both,60,3855551
2038,both,61,3782411
2038,both,62,3631069
2038,both,63,3644189
2038,both,64,3549337
2038,both,65,3564328
2038,both,66,3699169
2038,both,67,3877467
2038,both,68,3780948
2038,both,69,3603445
2038,both,70,3484452
2038,both,71,3450495
2038,both,72,3447140
2038,both,73,3520210
2038,both,74,3538340
2038,both,75,3471715
2038,both,76,3410225
2038,both,77,3323532
2038,both,78,3180152
2038,both,79,3030557
2038,both,80,2907748
2038,both,81,2751087
2038,both,82,2521681
2038,both,83,2348683
2038,both,84,2148039
2038,both,85,1938625
2038,both,86,1745715
2038,both,87,1543426
2038,both,88,1355419
2038,both,89,1202700
2038,both,90,1060921
2038,both,91,994667
2038,both,92,624486
2038,both,93,521122
2038,both,94,434408
2038,both,95,370113
2038,both,96,263821
2038,both,97,193828
2038,both,98,142728
2038,both,99,104505
2038,both,100,174360
2039,both,40,4821594
2039,both,41,4708802
2039,both,42,4630915
2039,both,43,4604406
2039,both,44,4637292
2039,both,45,4685933
2039,both,46,4717055
2039,both,47,4779389
2039,both,48,4808268
2039,both,49,4785982
2039,both,50,4623370
2039,both,51,4510948
2039,both,52,4429607
2039,both,53,4405923
2039,both,54,4374548
2039,both,55,4258894
2039,both,56,4292386
2039,both,57,4260329
2039,both,58,4177798
2039,both,59,4133373
2039,both,60,3944786
2039,both,61,3831667
2039,both,62,3756385
2039,both,63,3603393
2039,both,64,3613343
2039,both,65,3516347
2039,both,66,3528057
2039,both,67,3658193
2039,both,68,3830926
2039,both,69,3731821
2039,both,70,3552617
2039,both,71,3430607
2039,both,72,3391943
2039,both,73,3382702
2039,both,74,3447798
2039,both,75,3458213
2039,both,76,3385036
2039,both,77,3315947
2039,both,78,3221578
2039,both,79,3071618
2039,both,80,2914670
2039,both,81,2782756
2039,both,82,2618410
2039,both,83,2385479
2039,both,84,2206912
2039,both,85,2003709
2039,both,86,1794627
2039,both,87,1602545
2039,both,88,1403848
2039,both,89,1220311
2039,both,90,1070715
2039,both,91,932907
2039,both,92,862855
2039,both,93,534016
2039,both,94,438623
2039,both,95,359367
2039,both,96,300528
2039,both,97,209982
2039,both,98,151017
2039,both,99,108700
2039,both,100,181199
2040,both,40,5023996
2040,both,41,4825045
2040,both,42,4711412
2040,both,43,4632898
2040,both,44,4605682
2040,both,45,4637209
2040,both,46,4683742
2040,both,47,4712339
2040,both,48,4771847
2040,both,49,4798207
2040,both,50,4773967
2040,both,51,4610507
2040,both,52,4497469
2040,both,53,4415592
2040,both,54,4391126
2040,both,55,4358734
2040,both,56,4242386
2040,both,57,4274038
2040,both,58,4240363
2040,both,59,4156496
2040,both,60,4110144
2040,both,61,3920674
2040,both,62,3805715
2040,both,63,3728073
2040,both,64,3573416
2040,both,65,3580132
2040,both,66,3481093
2040,both,67,3489579
2040,both,68,3614932
2040,both,69,3781624
2040,both,70,3679552
2040,both,71,3498261
2040,both,72,3372910
2040,both,73,3329201
2040,both,74,3313767
2040,both,75,3370393
2040,both,76,3372546
2040,both,77,3292240
2040,both,78,3215002
2040,both,79,3112426
2040,both,80,2954920
2040,both,81,2790164
2040,both,82,2649346
2040,both,83,2477729
2040,both,84,2242301
2040,both,85,2059423
2040,both,86,1855679
2040,both,87,1648254
2040,both,88,1458320
2040,both,89,1264648
2040,both,90,1087082
2040,both,91,942195
2040,both,92,809981
2040,both,93,738210
2040,both,94,449836
2040,both,95,363174
2040,both,96,292080
2040,both,97,239429
2040,both,98,163764
2040,both,99,115131
2040,both,100,188576
2041,both,40,5110700
2041,both,41,5027231
2041,both,42,4827638
2041,both,43,4713450
2041,both,44,4634346
2041,both,45,4605947
2041,both,46,4635471
2041,both,47,4679442
2041,both,48,4705363
2041,both,49,4762251
2041,both,50,4786514
2041,both,51,4760824
2041,both,52,4596954
2041,both,53,4483515
2041,both,54,4401142
2041,both,55,4375642
2041,both,56,4342094
2041,both,57,4224769
2041,both,58,4254453
2041,both,59,4219089
2041,both,60,4133653
2041,both,61,4085170
2041,both,62,3894458
2041,both,63,3777443
2041,both,64,3697387
2041,both,65,3541085
2041,both,66,3544613
2041,both,67,3443651
2041,both,68,3448920
2041,both,69,3569068
2041,both,70,3729140
2041,both,71,3623649
2041,both,72,3439977
2041,both,73,3311050
2041,both,74,3262029
2041,both,75,3240036
2041,both,76,3287593
2041,both,77,3280788
2041,both,78,3192823
2041,both,79,3106872
2041,both,80,2994958
2041,both,81,2829457
2041,both,82,2657217
2041,both,83,2507817
2041,both,84,2329789
2041,both,85,2093266
2041,both,86,1908078
2041,both,87,1705117
2041,both,88,1500704
2041,both,89,1314394
2041,both,90,1127288
2041,both,91,957241
2041,both,92,818673
2041,both,93,693616
2041,both,94,622181
2041,both,95,372770
2041,both,96,295445
2041,both,97,232924
2041,both,98,186926
2041,both,99,124979
2041,both,100,197898
2042,both,40,4865013
2042,both,41,5114026
2042,both,42,5029590
2042,both,43,4829658
2042,both,44,4714944
2042,both,45,4634775
2042,both,46,4604560
2042,both,47,4631625
2042,both,48,4672890
2042,both,49,4696347
2042,both,50,4751028
2042,both,51,4773698
2042,both,52,4746984
2042,both,53,4582914
2042,both,54,4469121
2042,both,55,4386008
2042,both,56,4359325
2042,both,57,4324329
2042,both,58,4205937
2042,both,59,4233568
2042,both,60,4196267
2042,both,61,4109074
2042,both,62,4058020
2042,both,63,3865890
2042,both,64,3746773
2042,both,65,3664280
2042,both,66,3506461
2042,both,67,3506879
2042,both,68,3404056
2042,both,69,3405777
2042,both,70,3520199
2042,both,71,3672985
2042,both,72,3563695
2042,both,73,3377463
2042,both,74,3244797
2042,both,75,3190133
2042,both,76,3161114
2042,both,77,3198861
2042,both,78,3182431
2042,both,79,3086251
2042,both,80,2990414
2042,both,81,2868584
2042,both,82,2695439
2042,both,83,2516120
2042,both,84,2358910
2042,both,85,2175731
2042,both,86,1940268
2042,both,87,1754073
2042,both,88,1553267
2042,both,89,1353364
2042,both,90,1172274
2042,both,91,993314
2042,both,92,832355
2042,both,93,701629
2042,both,94,585159
2042,both,95,515927
2042,both,96,303519
2042,both,97,235836
2042,both,98,182031
2042,both,99,142813
2042,both,100,210946
2043,both,40,4756901
2043,both,41,4869144
2043,both,42,5116469
2043,both,43,5031379
2043,both,44,4831126
2043,both,45,4715418
2043,both,46,4633550
2043,both,47,4601071
2043,both,48,4625533
2043,both,49,4664311
2043,both,50,4685724
2043,both,51,4738696
2043,both,52,4760181
2043,both,53,4732643
2043,both,54,4568424
2043,both,55,4454033
2043,both,56,4370037
2043,both,57,4341878
2043,both,58,4305332
2043,both,59,4185830
2043,both,60,4211149
2043,both,61,4171704
2043,both,62,4082324
2043,both,63,4028436
2043,both,64,3834871
2043,both,65,3713654
2043,both,66,3628812
2043,both,67,3469639
2043,both,68,3466951
2043,both,69,3362009
2043,both,70,3359753
2043,both,71,3467856
2043,both,72,3612745
2043,both,73,3499379
2043,both,74,3310476
2043,both,75,3173865
2043,both,76,3113129
2043,both,77,3076485
2043,both,78,3103696
2043,both,79,3076935
2043,both,80,2971377
2043,both,81,2865034
2043,both,82,2733544
2043,both,83,2553146
2043,both,84,2367592
2043,both,85,2203762
2043,both,86,2017493
2043,both,87,1784488
2043,both,88,1598645
2043,both,89,1401530
2043,both,90,1207774
2043,both,91,1033567
2043,both,92,864342
2043,both,93,713905
2043,both,94,592424
2043,both,95,485719
2043,both,96,420386
2043,both,97,242513
2043,both,98,184492
2043,both,99,139221
2043,both,100,232187
2044,both,40,4815333
2044,both,41,4761463
2044,both,42,4872370
2044,both,43,5118338
2044,both,44,5032604
2044,both,45,4831556
2044,both,46,4714224
2044,both,47,4630220
2044,both,48,4595334
2044,both,49,4617427
2044,both,50,4654129
2044,both,51,4673997
2044,both,52,4725665
2044,both,53,4746169
2044,both,54,4717834
2044,both,55,4553232
2044,both,56,4438102
2044,both,57,4352937
2044,both,58,4323206
2044,both,59,4285041
2044,both,60,4164227
2044,both,61,4186998
2044,both,62,4144952
2044,both,63,4053139
2044,both,64,3996319
2044,both,65,3801354
2044,both,66,3678138
2044,both,67,3591067
2044,both,68,3430638
2044,both,69,3424538
2044,both,70,3317116
2044,both,71,3310416
2044,both,72,3411646
2044,both,73,3548088
2044,both,74,3430438
2044,both,75,3238711
2044,both,76,3097861
2044,both,77,3030498
2044,both,78,2985658
2044,both,79,3001578
2044,both,80,2963138
2044,both,81,2847603
2044,both,82,2730997
2044,both,83,2590099
2044,both,84,2403279
2044,both,85,2212759
2044,both,86,2044326
2044,both,87,1856307
2044,both,88,1627183
2044,both,89,1443241
2044,both,90,1251490
2044,both,91,1065569
2044,both,92,899944
2044,both,93,741909
2044,both,94,603284
2044,both,95,492195
2044,both,96,396189
2044,both,97,336161
2044,both,98,189902
2044,both,99,141254
2044,both,100,243432
2045,both,40,4807532
2045,both,41,4819988
2045,both,42,4765110
2045,both,43,4875014
2045,both,44,5119631
2045,both,45,5032783
2045,both,46,4830310
2045,both,47,4710917
2045,both,48,4624634
2045,both,49,4587591
2045,both,50,4607736
2045,both,51,4642855
2045,both,52,4661582
2045,both,53,4712149
2045,both,54,4731686
2045,both,55,4702305
2045,both,56,4537173
2045,both,57,4421032
2045,both,58,4334621
2045,both,59,4303250
2045,both,60,4263238
2045,both,61,4140923
2045,both,62,4160669
2045,both,63,4115743
2045,both,64,4021411
2045,both,65,3961615
2045,both,66,3765387
2045,both,67,3640309
2045,both,68,3551071
2045,both,69,3389177
2045,both,70,3379236
2045,both,71,3268940
2045,both,72,3257379
2045,both,73,3351269
2045,both,74,3478749
2045,both,75,3356567
2045,both,76,3161779
2045,both,77,3016257
2045,both,78,2941752
2045,both,79,2888126
2045,both,80,2891318
2045,both,81,2840444
2045,both,82,2715211
2045,both,83,2588545
2045,both,84,2438947
2045,both,85,2246950
2045,both,86,2053558
2045,both,87,1881832
2045,both,88,1693449
2045,both,89,1469800
2045,both,90,1289478
2045,both,91,1104839
2045,both,92,928452
2045,both,93,772994
2045,both,94,627468
2045,both,95,501654
2045,both,96,401857
2045,both,97,317160
2045,both,98,263477
2045,both,99,145545
2045,both,100,251677
2046,both,40,4866205
2046,both,41,4812383
2046,both,42,4823717
2046,both,43,4768169
2046,both,44,4877082
2046,both,45,5119866
2046,both,46,5031267
2046,both,47,4826930
2046,both,48,4705329
2046,both,49,4617041
2046,both,50,4578271
2046,both,51,4596959
2046,both,52,4630897
2046,both,53,4648693
2046,both,54,4698169
2046,both,55,4716482
2046,both,56,4685889
2046,both,57,4519964
2046,both,58,4402738
2046,both,59,4315030
2046,both,60,4281798
2046,both,61,4239721
2046,both,62,4115479
2046,both,63,4131884
2046,both,64,4083961
2046,both,65,3987084
2046,both,66,3924381
2046,both,67,3727056
2046,both,68,3600196
2046,both,69,3508529
2046,both,70,3344853
2046,both,71,3330597
2046,both,72,3217106
2046,both,73,3200359
2046,both,74,3286479
2046,both,75,3404420
2046,both,76,3277350
2046,both,77,3079129
2046,both,78,2928569
2046,both,79,2846388
2046,both,80,2782732
2046,both,81,2772364
2046,both,82,2709165
2046,both,83,2574419
2046,both,84,2438352
2046,both,85,2281204
2046,both,86,2086130
2046,both,87,1891212
2046,both,88,1717560
2046,both,89,1530424
2046,both,90,1313969
2046,both,91,1139076
2046,both,92,963333
2046,both,93,798083
2046,both,94,654230
2046,both,95,522221
2046,both,96,409960
2046,both,97,322025
2046,both,98,248865
2046,both,99,202141
2046,both,100,259659
2047,both,40,4956252
2047,both,41,4871150
2047,both,42,4816298
2047,both,43,4826855
2047,both,44,4770647
2047,both,45,4878096
2047,both,46,5118397
2047,both,47,5027584
2047,both,48,4821246
2047,both,49,4697725
2047,both,50,4607870
2047,both,51,4567878
2047,both,52,4585512
2047,both,53,4618475
2047,both,54,4635352
2047,both,55,4683480
2047,both,56,4700388
2047,both,57,4668297
2047,both,58,4501513
2047,both,59,4383164
2047,both,60,4293952
2047,both,61,4258633
2047,both,62,4214033
2047,both,63,4087620
2047,both,64,4100523
2047,both,65,4049545
2047,both,66,3950200
2047,both,67,3884700
2047,both,68,3686377
2047,both,69,3557501
2047,both,70,3463034
2047,both,71,3297217
2047,both,72,3278241
2047,both,73,3161346
2047,both,74,3139125
2047,both,75,3216980
2047,both,76,3324680
2047,both,77,3192225
2047,both,78,2990261
2047,both,79,2834285
2047,both,80,2743243
2047,both,81,2668939
2047,both,82,2645033
2047,both,83,2569492
2047,both,84,2425888
2047,both,85,2281510
2047,both,86,2118839
2047,both,87,1922050
2047,both,88,1726985
2047,both,89,1553012
2047,both,90,1368910
2047,both,91,1161430
2047,both,92,993844
2047,both,93,828671
2047,both,94,676000
2047,both,95,544918
2047,both,96,427177
2047,both,97,328836
2047,both,98,252953
2047,both,99,191149
2047,both,100,305341
2048,both,40,4982924
2048,both,41,4961243
2048,both,42,4875148
2048,both,43,4819619
2048,both,44,4829405
2048,both,45,4772076
2048,both,46,4877435
2048,both,47,5114746
2048,both,48,5021563
2048,both,49,4813528
2048,both,50,4688533
2048,both,51,4597631
2048,both,52,4556834
2048,both,53,4573613
2048,both,54,4605611
2048,both,55,4621315
2048,both,56,4667910
2048,both,57,4683121
2048,both,58,4649435
2048,both,59,4481762
2048,both,60,4362099
2048,both,61,4271180
2048,both,62,4233313
2048,both,63,4185889
2048,both,64,4057208
2048,both,65,4066514
2048,both,66,4012533
2048,both,67,3910839
2048,both,68,3842586
2048,both,69,3643051
2048,both,70,3511801
2048,both,71,3414120
2048,both,72,3245907
2048,both,73,3221891
2048,both,74,3101424
2048,both,75,3073411
2048,both,76,3142378
2048,both,77,3238953
2048,both,78,3100665
2048,both,79,2894648
2048,both,80,2732213
2048,both,81,2631786
2048,both,82,2547066
2048,both,83,2509498
2048,both,84,2422070
2048,both,85,2270674
2048,both,86,2119997
2048,both,87,1953082
2048,both,88,1755979
2048,both,89,1562381
2048,both,90,1389882
2048,both,91,1210706
2048,both,92,1014021
2048,both,93,855523
2048,both,94,702459
2048,both,95,563532
2048,both,96,446104
2048,both,97,342981
2048,both,98,258569
2048,both,99,194505
2048,both,100,327961
2049,both,40,4844985
2049,both,41,4988069
2049,both,42,4965276
2049,both,43,4878548
2049,both,44,4822348
2049,both,45,4830906
2049,both,46,4771835
2049,both,47,4874620
2049,both,48,5108746
2049,both,49,5013479
2049,both,50,4804213
2049,both,51,4678274
2049,both,52,4586737
2049,both,53,4545352
2049,both,54,4561288
2049,both,55,4592066
2049,both,56,4606408
2049,both,57,4651189
2049,both,58,4664592
2049,both,59,4629247
2049,both,60,4460506
2049,both,61,4339325
2049,both,62,4246253
2049,both,63,4205533
2049,both,64,4155153
2049,both,65,4024170
2049,both,66,4029897
2049,both,67,3973006
2049,both,68,3869015
2049,both,69,3797741
2049,both,70,3596656
2049,both,71,3462643
2049,both,72,3361422
2049,both,73,3190646
2049,both,74,3161308
2049,both,75,3037077
2049,both,76,3002827
2049,both,77,3062123
2049,both,78,3146695
2049,both,79,3002118
2049,both,80,2791063
2049,both,81,2621840
2049,both,82,2512354
2049,both,83,2417266
2049,both,84,2366354
2049,both,85,2267927
2049,both,86,2110766
2049,both,87,1955017
2049,both,88,1785213
2049,both,89,1589424
2049,both,90,1399081
2049,both,91,1229988
2049,both,92,1057713
2049,both,93,873512
2049,both,94,725768
2049,both,95,586072
2049,both,96,461761
2049,both,97,358495
2049,both,98,269973
2049,both,99,199035
2049,both,100,344256
2050,both,40,4777376
2050,both,41,4850543
2050,both,42,4992244
2050,both,43,4968712
2050,both,44,4881354
2050,both,45,4824026
2050,both,46,4830725
2050,both,47,4769451
2050,both,48,4869491
2050,both,49,5100670
2050,both,50,5003776
2050,both,51,4793823
2050,both,52,4667359
2050,both,53,4575416
2050,both,54,4533454
2050,both,55,4548291
2050,both,56,4577668
2050,both,57,4590369
2050,both,58,4633227
2050,both,59,4644748
2050,both,60,4607528
2050,both,61,4437520
2050,both,62,4314383
2050,both,63,4218877
2050,both,64,4175153
2050,both,65,4121736
2050,both,66,3988532
2050,both,67,3990740
2050,both,68,3930970
2050,both,69,3824423
2050,both,70,3749714
2050,both,71,3546734
2050,both,72,3409651
2050,both,73,3304637
2050,both,74,3131192
2050,both,75,3096223
2050,both,76,2967923
2050,both,77,2926836
2050,both,78,2975692
2050,both,79,3047348
2050,both,80,2895293
2050,both,81,2678971
2050,both,82,2503521
2050,both,83,2385085
2050,both,84,2280104
2050,both,85,2216603
2050,both,86,2109045
2050,both,87,1947340
2050,both,88,1787833
2050,both,89,1616740
2050,both,90,1424078
2050,both,91,1238900
2050,both,92,1075246
2050,both,93,911772
2050,both,94,741595
2050,both,95,606003
2050,both,96,480655
2050,both,97,371432
2050,both,98,282441
2050,both,99,208045
2050,both,100,357229
2051,both,40,4713597
2051,both,41,4783198
2051,both,42,4855126
2051,both,43,4995826
2051,both,44,4971543
2051,both,45,4883098
2051,both,46,4824029
2051,both,47,4828388
2051,both,48,4764765
2051,both,49,4862327
2051,both,50,5090964
2051,both,51,4992979
2051,both,52,4782779
2051,both,53,4656018
2051,both,54,4563687
2051,both,55,4520906
2051,both,56,4534462
2051,both,57,4562150
2051,both,58,4573120
2051,both,59,4613975
2051,both,60,4623386
2051,both,61,4584043
2051,both,62,4412337
2051,both,63,4286967
2051,both,64,4188896
2051,both,65,4142088
2051,both,66,4085656
2051,both,67,3950361
2051,both,68,3949049
2051,both,69,3886126
2051,both,70,3776622
2051,both,71,3698035
2051,both,72,3492898
2051,both,73,3352526
2051,both,74,3243524
2051,both,75,3067287
2051,both,76,3026243
2051,both,77,2893428
2051,both,78,2844941
2051,both,79,2882545
2051,both,80,2939585
2051,both,81,2779636
2051,both,82,2558749
2051,both,83,2377364
2051,both,84,2250522
2051,both,85,2136521
2051,both,86,2062167
2051,both,87,1946585
2051,both,88,1781642
2051,both,89,1619948
2051,both,90,1449383
2051,both,91,1261776
2051,both,92,1083756
2051,both,93,927520
2051,both,94,774645
2051,both,95,619724
2051,both,96,497423
2051,both,97,387002
2051,both,98,292927
2051,both,99,217868
2051,both,100,371513
2052,both,40,4688095
2052,both,41,4719662
2052,both,42,4788042
2052,both,43,4859111
2052,both,44,4998790
2052,both,45,4973307
2052,both,46,4883165
2052,both,47,4821871
2052,both,48,4823736
2052,both,49,4758061
2052,both,50,4853570
2052,both,51,5080162
2052,both,52,4981513
2052,both,53,4771308
2052,both,54,4644273
2052,both,55,4551317
2052,both,56,4507535
2052,both,57,4519532
2052,both,58,4545442
2052,both,59,4554606
2052,both,60,4593230
2052,both,61,4600268
2052,both,62,4558311
2052,both,63,4384649
2052,both,64,4256926
2052,both,65,4156221
2052,both,66,4106339
2052,both,67,4046989
2052,both,68,3909664
2052,both,69,3904529
2052,both,70,3838030
2052,both,71,3725140
2052,both,72,3642290
2052,both,73,3434840
2052,both,74,3291021
2052,both,75,3177803
2052,both,76,2998537
2052,both,77,2950824
2052,both,78,2813089
2052,both,79,2756616
2052,both,80,2781397
2052,both,81,2822839
2052,both,82,2655563
2052,both,83,2430517
2052,both,84,2243906
2052,both,85,2109580
2052,both,86,1988382
2052,both,87,1904168
2052,both,88,1781775
2052,both,89,1615145
2052,both,90,1453057
2052,both,91,1284983
2052,both,92,1104465
2052,both,93,935529
2052,both,94,788593
2052,both,95,647854
2052,both,96,509125
2052,both,97,400859
2052,both,98,305507
2052,both,99,226197
2052,both,100,387589
2053,both,40,4698341
2053,both,41,4694339
2053,both,42,4724743
2053,both,43,4792291
2053,both,44,4862485
2053,both,45,5000684
2053,both,46,4973386
2053,both,47,4881066
2053,both,48,4817392
2053,both,49,4817061
2053,both,50,4749781
2053,both,51,4843760
2053,both,52,5068703
2053,both,53,4969615
2053,both,54,4759430
2053,both,55,4631884
2053,both,56,4538124
2053,both,57,4493082
2053,both,58,4503438
2053,both,59,4527492
2053,both,60,4534634
2053,both,61,4570755
2053,both,62,4574918
2053,both,63,4530021
2053,both,64,4354282
2053,both,65,4224153
2053,both,66,4120850
2053,both,67,4067977
2053,both,68,4005722
2053,both,69,3866147
2053,both,70,3856723
2053,both,71,3786198
2053,both,72,3669563
2053,both,73,3582168
2053,both,74,3372300
2053,both,75,3224850
2053,both,76,3107076
2053,both,77,2924400
2053,both,78,2869452
2053,both,79,2726391
2053,both,80,2660616
2053,both,81,2671730
2053,both,82,2697560
2053,both,83,2523179
2053,both,84,2294788
2053,both,85,2104034
2053,both,86,1964094
2053,both,87,1836762
2053,both,88,1743786
2053,both,89,1616074
2053,both,90,1449527
2053,both,91,1289001
2053,both,92,1125514
2053,both,93,954042
2053,both,94,796008
2053,both,95,660027
2053,both,96,532683
2053,both,97,410669
2053,both,98,316748
2053,both,99,236151
2053,both,100,403953
2054,both,40,4728588
2054,both,41,4704687
2054,both,42,4699584
2054,both,43,4729231
2054,both,44,4795931
2054,both,45,4864798
2054,both,46,5000894
2054,both,47,4971287
2054,both,48,4876636
2054,both,49,4810897
2054,both,50,4808813
2054,both,51,4740466
2054,both,52,4833321
2054,both,53,5056811
2054,both,54,4957293
2054,both,55,4746902
2054,both,56,4618663
2054,both,57,4523857
2054,both,58,4477481
2054,both,59,4486126
2054,both,60,4508110
2054,both,61,4512965
2054,both,62,4546073
2054,both,63,4547004
2054,both,64,4498985
2054,both,65,4321138
2054,both,66,4188644
2054,both,67,4082848
2054,both,68,4026994
2054,both,69,3961573
2054,both,70,3819367
2054,both,71,3805172
2054,both,72,3730225
2054,both,73,3609584
2054,both,74,3517392
2054,both,75,3304995
2054,both,76,3153599
2054,both,77,3030779
2054,both,78,2844365
2054,both,79,2781589
2054,both,80,2632074
2054,both,81,2556432
2054,both,82,2553964
2054,both,83,2563840
2054,both,84,2383006
2054,both,85,2152468
2054,both,86,1959596
2054,both,87,1815100
2054,both,88,1682770
2054,both,89,1582436
2054,both,90,1451143
2054,both,91,1286611
2054,both,92,1129744
2054,both,93,972909
2054,both,94,812339
2054,both,95,666776
2054,both,96,543141
2054,both,97,430055
2054,both,98,324815
2054,both,99,245085
2054,both,100,421715
2055,both,40,4756793
2055,both,41,4735007
2055,both,42,4710038
2055,both,43,4704246
2055,both,44,4733107
2055,both,45,4798513
2055,both,46,4865441
2055,both,47,4998920
2055,both,48,4966838
2055,both,49,4870182
2055,both,50,4802828
2055,both,51,4799528
2055,both,52,4730547
2055,both,53,4822490
2055,both,54,5044498
2055,both,55,4944306
2055,both,56,4733530
2055,both,57,4604356
2055,both,58,4508439
2055,both,59,4460685
2055,both,60,4467412
2055,both,61,4487059
2055,both,62,4489128
2055,both,63,4518849
2055,both,64,4516351
2055,both,65,4465094
2055,both,66,4285199
2055,both,67,4150460
2055,both,68,4042209
2055,both,69,3983107
2055,both,70,3914080
2055,both,71,3768864
2055,both,72,3749464
2055,both,73,3669794
2055,both,74,3544920
2055,both,75,3447664
2055,both,76,3232502
2055,both,77,3076697
2055,both,78,2948372
2055,both,79,2757899
2055,both,80,2685948
2055,both,81,2529647
2055,both,82,2444495
2055,both,83,2428169
2055,both,84,2422187
2055,both,85,2235969
2055,both,86,2005444
2055,both,87,1811617
2055,both,88,1663687
2055,both,89,1527761
2055,both,90,1421718
2055,both,91,1288787
2055,both,92,1128348
2055,both,93,977219
2055,both,94,829021
2055,both,95,680970
2055,both,96,549165
2055,both,97,438880
2055,both,98,340472
2055,both,99,251586
2055,both,100,439692
2056,both,40,4739413
2056,both,41,4763272
2056,both,42,4740426
2056,both,43,4714802
2056,both,44,4708297
2056,both,45,4735932
2056,both,46,4799433
2056,both,47,4863918
2056,both,48,4994595
2056,both,49,4960361
2056,both,50,4862148
2056,both,51,4793736
2056,both,52,4789646
2056,both,53,4720265
2056,both,54,4811285
2056,both,55,5031518
2056,both,56,4930446
2056,both,57,4719061
2056,both,58,4588900
2056,both,59,4491840
2056,both,60,4442515
2056,both,61,4447060
2056,both,62,4463864
2056,both,63,4462791
2056,both,64,4488898
2056,both,65,4482832
2056,both,66,4428340
2056,both,67,4246525
2056,both,68,4109586
2056,both,69,3998643
2056,both,70,3935854
2056,both,71,3862781
2056,both,72,3714252
2056,both,73,3689288
2056,both,74,3604616
2056,both,75,3475280
2056,both,76,3372531
2056,both,77,3154224
2056,both,78,2993592
2056,both,79,2859314
2056,both,80,2663694
2056,both,81,2582019
2056,both,82,2419542
2056,both,83,2324856
2056,both,84,2294828
2056,both,85,2273526
2056,both,86,2084000
2056,both,87,1854737
2056,both,88,1661168
2056,both,89,1511173
2056,both,90,1373267
2056,both,91,1263397
2056,both,92,1130953
2056,both,93,976655
2056,both,94,833289
2056,both,95,695507
2056,both,96,561297
2056,both,97,444149
2056,both,98,347780
2056,both,99,263978
2056,both,100,455990
2057,both,40,4656064
2057,both,41,4745999
2057,both,42,4768752
2057,both,43,4745264
2057,both,44,4718953
2057,both,45,4711301
2057,both,46,4737100
2057,both,47,4798192
2057,both,48,4860060
2057,both,49,4988241
2057,both,50,4952298
2057,both,51,4853093
2057,both,52,4784059
2057,both,53,4779404
2057,both,54,4709636
2057,both,55,4799459
2057,both,56,5017663
2057,both,57,4915464
2057,both,58,4703429
2057,both,59,4572253
2057,both,60,4473870
2057,both,61,4422729
2057,both,62,4424592
2057,both,63,4438190
2057,both,64,4433756
2057,both,65,4456104
2057,both,66,4446434
2057,both,67,4388769
2057,both,68,4205094
2057,both,69,4065741
2057,both,70,3951694
2057,both,71,3884781
2057,both,72,3807279
2057,both,73,3655222
2057,both,74,3624347
2057,both,75,3534388
2057,both,76,3400197
2057,both,77,3291379
2057,both,78,3069591
2057,both,79,2903729
2057,both,80,2762219
2057,both,81,2561257
2057,both,82,2470280
2057,both,83,2301811
2057,both,84,2197946
2057,both,85,2154773
2057,both,86,2119807
2057,both,87,1928169
2057,both,88,1701440
2057,both,89,1509545
2057,both,90,1359076
2057,both,91,1220975
2057,both,92,1109372
2057,both,93,979555
2057,both,94,833389
2057,both,95,699619
2057,both,96,573775
2057,both,97,454346
2057,both,98,352290
2057,both,99,269904
2057,both,100,475399
2058,both,40,4596914
2058,both,41,4662803
2058,both,42,4751584
2058,both,43,4773654
2058,both,44,4749488
2058,both,45,4722063
2058,both,46,4712655
2058,both,47,4736114
2058,both,48,4794625
2058,both,49,4854189
2058,both,50,4980301
2058,both,51,4943215
2058,both,52,4843457
2058,both,53,4774042
2058,both,54,4768824
2058,both,55,4698419
2058,both,56,4786815
2058,both,57,5002680
2058,both,58,4899293
2058,both,59,4686593
2058,both,60,4554235
2058,both,61,4454288
2058,both,62,4400845
2058,both,63,4399673
2058,both,64,4409845
2058,both,65,4401911
2058,both,66,4420444
2058,both,67,4407209
2058,both,68,4346358
2058,both,69,4160620
2058,both,70,4018466
2058,both,71,3900910
2058,both,72,3829480
2058,both,73,3747261
2058,both,74,3591475
2058,both,75,3554334
2058,both,76,3458637
2058,both,77,3319044
2058,both,78,3203615
2058,both,79,2978027
2058,both,80,2805695
2058,both,81,2656584
2058,both,82,2451083
2058,both,83,2350757
2058,both,84,2176855
2058,both,85,2064559
2058,both,86,2009895
2058,both,87,1962104
2058,both,88,1769570
2058,both,89,1546866
2058,both,90,1358252
2058,both,91,1209042
2058,both,92,1072716
2058,both,93,961506
2058,both,94,836449
2058,both,95,700215
2058,both,96,577622
2058,both,97,464865
2058,both,98,360695
2058,both,99,273683
2058,both,100,492297
2059,both,40,4527372
2059,both,41,4603775
2059,both,42,4668543
2059,both,43,4756596
2059,both,44,4777942
2059,both,45,4752667
2059,both,46,4723524
2059,both,47,4711851
2059,both,48,4732806
2059,both,49,4789054
2059,both,50,4846760
2059,both,51,4971346
2059,both,52,4933547
2059,both,53,4833492
2059,both,54,4763697
2059,both,55,4757661
2059,both,56,4686414
2059,both,57,4773104
2059,both,58,4986508
2059,both,59,4881883
2059,both,60,4668373
2059,both,61,4534585
2059,both,62,4432612
2059,both,63,4376536
2059,both,64,4372107
2059,both,65,4378703
2059,both,66,4367222
2059,both,67,4381964
2059,both,68,4365124
2059,both,69,4300818
2059,both,70,4112645
2059,both,71,3967302
2059,both,72,3845896
2059,both,73,3769650
2059,both,74,3682423
2059,both,75,3522716
2059,both,76,3478779
2059,both,77,3376720
2059,both,78,3231217
2059,both,79,3108633
2059,both,80,2878070
2059,both,81,2698989
2059,both,82,2542944
2059,both,83,2333174
2059,both,84,2223859
2059,both,85,2045460
2059,both,86,1926506
2059,both,87,1861177
2059,both,88,1801517
2059,both,89,1609576
2059,both,90,1392530
2059,both,91,1208923
2059,both,92,1062868
2059,both,93,930291
2059,both,94,821623
2059,both,95,703313
2059,both,96,578572
2059,both,97,468370
2059,both,98,369397
2059,both,99,280470
2059,both,100,505860
2060,both,40,4494394
2060,both,41,4534361
2060,both,42,4609641
2060,both,43,4673723
2060,both,44,4761000
2060,both,45,4781186
2060,both,46,4754199
2060,both,47,4722825
2060,both,48,4708725
2060,both,49,4727506
2060,both,50,4781937
2060,both,51,4838336
2060,both,52,4961812
2060,both,53,4923541
2060,both,54,4823197
2060,both,55,4752786
2060,both,56,4745709
2060,both,57,4673378
2060,both,58,4758269
2060,both,59,4969089
2060,both,60,4863052
2060,both,61,4648505
2060,both,62,4512820
2060,both,63,4408508
2060,both,64,4349596
2060,both,65,4341773
2060,both,66,4344729
2060,both,67,4329742
2060,both,68,4340649
2060,both,69,4319900
2060,both,70,4251665
2060,both,71,4060706
2060,both,72,3911848
2060,both,73,3786348
2060,both,74,3704975
2060,both,75,3612460
2060,both,76,3448466
2060,both,77,3397029
2060,both,78,3288023
2060,both,79,3136110
2060,both,80,3004889
2060,both,81,2769211
2060,both,82,2584158
2060,both,83,2421306
2060,both,84,2207937
2060,both,85,2090364
2060,both,86,1909406
2060,both,87,1784725
2060,both,88,1709651
2060,both,89,1639427
2060,both,90,1449725
2060,both,91,1240105
2060,both,92,1063345
2060,both,93,922341
2060,both,94,795448
2060,both,95,691374
2060,both,96,581586
2060,both,97,469529
2060,both,98,372517
2060,both,99,287527
2060,both,100,519391
2061,both,40,4406630
2061,both,41,4501464
2061,both,42,4540369
2061,both,43,4614965
2061,both,44,4678311
2061,both,45,4764370
2061,both,46,4782789
2061,both,47,4753577
2061,both,48,4719808
2061,both,49,4703622
2061,both,50,4720677
2061,both,51,4773848
2061,both,52,4829362
2061,both,53,4951961
2061,both,54,4913217
2061,both,55,4812343
2061,both,56,4741106
2061,both,57,4732729
2061,both,58,4659257
2061,both,59,4742270
2061,both,60,4950249
2061,both,61,4842529
2061,both,62,4626498
2061,both,63,4488608
2061,both,64,4381767
2061,both,65,4319909
2061,both,66,4308634
2061,both,67,4307977
2061,both,68,4289443
2061,both,69,4296202
2061,both,70,4271050
2061,both,71,4198433
2061,both,72,4004394
2061,both,73,3851800
2061,both,74,3721952
2061,both,75,3635160
2061,both,76,3536879
2061,both,77,3368088
2061,both,78,3308457
2061,both,79,3191916
2061,both,80,3032140
2061,both,81,2891860
2061,both,82,2652034
2061,both,83,2461210
2061,both,84,2292076
2061,both,85,2076118
2061,both,86,1952063
2061,both,87,1769598
2061,both,88,1640180
2061,both,89,1556600
2061,both,90,1477383
2061,both,91,1291758
2061,both,92,1091408
2061,both,93,923300
2061,both,94,789200
2061,both,95,669798
2061,both,96,572174
2061,both,97,472367
2061,both,98,373762
2061,both,99,290221
2061,both,100,533279
2062,both,40,4511497
2062,both,41,4413811
2062,both,42,4507561
2062,both,43,4545843
2062,both,44,4619705
2062,both,45,4681874
2062,both,46,4766105
2062,both,47,4782235
2062,both,48,4750630
2062,both,49,4714812
2062,both,50,4696999
2062,both,51,4712892
2062,both,52,4765236
2062,both,53,4820105
2062,both,54,4941793
2062,both,55,4902332
2062,both,56,4800719
2062,both,57,4728411
2062,both,58,4718664
2062,both,59,4644003
2062,both,60,4724918
2062,both,61,4929706
2062,both,62,4819809
2062,both,63,4602002
2062,both,64,4461732
2062,both,65,4352270
2062,both,66,4287435
2062,both,67,4272743
2062,both,68,4268420
2062,both,69,4246055
2062,both,70,4248148
2062,both,71,4218104
2062,both,72,4140708
2062,both,73,3943398
2062,both,74,3786843
2062,both,75,3652396
2062,both,76,3559705
2062,both,77,3455021
2062,both,78,3280941
2062,both,79,3212433
2062,both,80,3086781
2062,both,81,2918780
2062,both,82,2770170
2062,both,83,2526537
2062,both,84,2330546
2062,both,85,2156002
2062,both,86,1939504
2062,both,87,1809880
2062,both,88,1626993
2062,both,89,1494087
2062,both,90,1403499
2062,both,91,1317149
2062,both,92,1137550
2062,both,93,948257
2062,both,94,790510
2062,both,95,665017
2062,both,96,554711
2062,both,97,465117
2062,both,98,376350
2062,both,99,291455
2062,both,100,544291
2063,both,40,4486695
2063,both,41,4518622
2063,both,42,4420030
2063,both,43,4513132
2063,both,44,4550740
2063,both,45,4623424
2063,both,46,4683809
2063,both,47,4765678
2063,both,48,4779353
2063,both,49,4745704
2063,both,50,4708300
2063,both,51,4689428
2063,both,52,4704602
2063,both,53,4756357
2063,both,54,4810560
2063,both,55,4931074
2063,both,56,4890663
2063,both,57,4788087
2063,both,58,4714648
2063,both,59,4703467
2063,both,60,4627432
2063,both,61,4705945
2063,both,62,4906954
2063,both,63,4794532
2063,both,64,4574799
2063,both,65,4432066
2063,both,66,4319970
2063,both,67,4252216
2063,both,68,4234067
2063,both,69,4225790
2063,both,70,4199095
2063,both,71,4196029
2063,both,72,4160647
2063,both,73,4078152
2063,both,74,3877393
2063,both,75,3716660
2063,both,76,3577191
2063,both,77,3477939
2063,both,78,3366238
2063,both,79,3186399
2063,both,80,3107303
2063,both,81,2972075
2063,both,82,2796687
2063,both,83,2639815
2063,both,84,2393121
2063,both,85,2192918
2063,both,86,2014910
2063,both,87,1798976
2063,both,88,1664766
2063,both,89,1482774
2063,both,90,1347848
2063,both,91,1251991
2063,both,92,1160616
2063,both,93,988987
2063,both,94,812416
2063,both,95,666564
2063,both,96,551178
2063,both,97,451262
2063,both,98,370900
2063,both,99,293742
2063,both,100,552311
2064,both,40,4497415
2064,both,41,4494108
2064,both,42,4524783
2064,both,43,4425732
2064,both,44,4518131
2064,both,45,4554621
2064,both,46,4625520
2064,both,47,4683591
2064,both,48,4762924
2064,both,49,4774485
2064,both,50,4739256
2064,both,51,4700853
2064,both,52,4681366
2064,both,53,4696063
2064,both,54,4747216
2064,both,55,4800492
2064,both,56,4919581
2064,both,57,4877976
2064,both,58,4774382
2064,both,59,4699767
2064,both,60,4686955
2064,both,61,4609282
2064,both,62,4684850
2064,both,63,4881621
2064,both,64,4766470
2064,both,65,4544753
2064,both,66,4399558
2064,both,67,4284916
2064,both,68,4214235
2064,both,69,4192338
2064,both,70,4179605
2064,both,71,4148109
2064,both,72,4139429
2064,both,73,4098351
2064,both,74,4010429
2064,both,75,3806053
2064,both,76,3640740
2064,both,77,3495654
2064,both,78,3389209
2064,both,79,3269879
2064,both,80,3082806
2064,both,81,2992532
2064,both,82,2848495
2064,both,83,2665850
2064,both,84,2501194
2064,both,85,2252546
2064,both,86,2050145
2064,both,87,1869700
2064,both,88,1655467
2064,both,89,1517928
2064,both,90,1338315
2064,both,91,1203033
2064,both,92,1103869
2064,both,93,1009699
2064,both,94,847901
2064,both,95,685528
2064,both,96,552843
2064,both,97,448750
2064,both,98,360133
2064,both,99,289754
2064,both,100,559181
2065,both,40,4507234
2065,both,41,4504898
2065,both,42,4500546
2065,both,43,4530427
2065,both,44,4430867
2065,both,45,4522121
2065,both,46,4556886
2065,both,47,4625467
2065,both,48,4681046
2065,both,49,4758193
2065,both,50,4768102
2065,both,51,4731880
2065,both,52,4692924
2065,both,53,4673076
2065,both,54,4687289
2065,both,55,4737572
2065,both,56,4789691
2065,both,57,4907072
2065,both,58,4864215
2065,both,59,4759554
2065,both,60,4683586
2065,both,61,4668857
2065,both,62,4589055
2065,both,63,4661272
2065,both,64,4853477
2065,both,65,4735475
2065,both,66,4511815
2065,both,67,4364256
2065,both,68,4247078
2065,both,69,4173216
2065,both,70,4147085
2065,both,71,4129418
2065,both,72,4092696
2065,both,73,4078024
2065,both,74,4030881
2065,both,75,3937216
2065,both,76,3728857
2065,both,77,3558390
2065,both,78,3407124
2065,both,79,3292849
2065,both,80,3164216
2065,both,81,2969636
2065,both,82,2868839
2065,both,83,2716007
2065,both,84,2526661
2065,both,85,2355074
2065,both,86,2106649
2065,both,87,1903127
2065,both,88,1721331
2065,both,89,1510172
2065,both,90,1370758
2065,both,91,1195174
2065,both,92,1061347
2065,both,93,960954
2065,both,94,866264
2065,both,95,715996
2065,both,96,569010
2065,both,97,450439
2065,both,98,358439
2065,both,99,281578
2065,both,100,560812
2066,both,40,4516675
2066,both,41,4514789
2066,both,42,4511407
2066,both,43,4506455
2066,both,44,4535504
2066,both,45,4435004
2066,both,46,4524494
2066,both,47,4557007
2066,both,48,4623091
2066,both,49,4676527
2066,both,50,4751946
2066,both,51,4760794
2066,both,52,4724029
2066,both,53,4684777
2066,both,54,4664566
2066,both,55,4678036
2066,both,56,4727216
2066,both,57,4777915
2066,both,58,4893489
2066,both,59,4849329
2066,both,60,4743428
2066,both,61,4665834
2066,both,62,4648673
2066,both,63,4566387
2066,both,64,4634990
2066,both,65,4822367
2066,both,66,4701501
2066,both,67,4476026
2066,both,68,4326131
2066,both,69,4206187
2066,both,70,4128693
2066,both,71,4097864
2066,both,72,4074834
2066,both,73,4032538
2066,both,74,4011477
2066,both,75,3957894
2066,both,76,3857959
2066,both,77,3645087
2066,both,78,3468932
2066,both,79,3310938
2066,both,80,3187116
2066,both,81,3048725
2066,both,82,2847616
2066,both,83,2736186
2066,both,84,2575007
2066,both,85,2379892
2066,both,86,2203361
2066,both,87,1956351
2066,both,88,1752843
2066,both,89,1571027
2066,both,90,1364457
2066,both,91,1224829
2066,both,92,1055023
2066,both,93,924528
2066,both,94,825011
2066,both,95,732056
2066,both,96,594769
2066,both,97,463990
2066,both,98,360071
2066,both,99,280506
2066,both,100,555860
2067,both,40,4525707
2067,both,41,4524296
2067,both,42,4521367
2067,both,43,4517385
2067,both,44,4511798
2067,both,45,4539581
2067,both,46,4437528
2067,both,47,4524720
2067,both,48,4554811
2067,both,49,4618747
2067,both,50,4670508
2067,both,51,4744787
2067,both,52,4753023
2067,both,53,4715975
2067,both,54,4676427
2067,both,55,4655593
2067,both,56,4668095
2067,both,57,4715912
2067,both,58,4765107
2067,both,59,4878790
2067,both,60,4833134
2067,both,61,4725731
2067,both,62,4646003
2067,both,63,4626037
2067,both,64,4541059
2067,both,65,4605859
2067,both,66,4788240
2067,both,67,4664579
2067,both,68,4437354
2067,both,69,4284905
2067,both,70,4161772
2067,both,71,4080225
2067,both,72,4044284
2067,both,73,4015530
2067,both,74,3967308
2067,both,75,3939459
2067,both,76,3878849
2067,both,77,3771924
2067,both,78,3554046
2067,both,79,3371684
2067,both,80,3205308
2067,both,81,3071483
2067,both,82,2924183
2067,both,83,2716711
2067,both,84,2594964
2067,both,85,2426261
2067,both,86,2227418
2067,both,87,2046989
2067,both,88,1802637
2067,both,89,1600510
2067,both,90,1420199
2067,both,91,1219876
2067,both,92,1081854
2067,both,93,919588
2067,both,94,794289
2067,both,95,697697
2067,both,96,608598
2067,both,97,485406
2067,both,98,371218
2067,both,99,282012
2067,both,100,551848
2068,both,40,4534039
2068,both,41,4533395
2068,both,42,4530941
2068,both,43,4527418
2068,both,44,4522800
2068,both,45,4516128
2068,both,46,4542040
2068,both,47,4437911
2068,both,48,4522626
2068,both,49,4550651
2068,both,50,4612919
2068,both,51,4663598
2068,both,52,4737179
2068,both,53,4745058
2068,both,54,4707720
2068,both,55,4667625
2068,both,56,4645950
2068,both,57,4657232
2068,both,58,4703601
2068,both,59,4751218
2068,both,60,4862794
2068,both,61,4815349
2068,both,62,4705945
2068,both,63,4623726
2068,both,64,4600717
2068,both,65,4512931
2068,both,66,4573831
2068,both,67,4751127
2068,both,68,4624674
2068,both,69,4395519
2068,both,70,4240101
2068,both,71,4113394
2068,both,72,4027423
2068,both,73,3986028
2068,both,74,3951191
2068,both,75,3896684
2068,both,76,3861422
2068,both,77,3793007
2068,both,78,3678392
2068,both,79,3455039
2068,both,80,3264823
2068,both,81,3089720
2068,both,82,2946746
2068,both,83,2790539
2068,both,84,2577288
2068,both,85,2445916
2068,both,86,2271663
2068,both,87,2070183
2068,both,88,1886968
2068,both,89,1646736
2068,both,90,1447556
2068,both,91,1270435
2068,both,92,1078123
2068,both,93,943589
2068,both,94,790562
2068,both,95,672201
2068,both,96,580475
2068,both,97,497117
2068,both,98,388704
2068,both,99,291009
2068,both,100,550679
2069,both,40,4541557
2069,both,41,4541792
2069,both,42,4540107
2069,both,43,4537061
2069,both,44,4532904
2069,both,45,4527205
2069,both,46,4518846
2069,both,47,4542344
2069,both,48,4435981
2069,both,49,4518571
2069,both,50,4545011
2069,both,51,4606209
2069,both,52,4656263
2069,both,53,4729397
2069,both,54,4736909
2069,both,55,4699025
2069,both,56,4658161
2069,both,57,4635399
2069,both,58,4645384
2069,both,59,4690241
2069,both,60,4736075
2069,both,61,4845207
2069,both,62,4795455
2069,both,63,4683700
2069,both,64,4598773
2069,both,65,4572576
2069,both,66,4481954
2069,both,67,4538938
2069,both,68,4710984
2069,both,69,4581488
2069,both,70,4350026
2069,both,71,4191273
2069,both,72,4060665
2069,both,73,3969986
2069,both,74,3922783
2069,both,75,3881484
2069,both,76,3820113
2069,both,77,3776629
2069,both,78,3699640
2069,both,79,3576636
2069,both,80,3346176
2069,both,81,3147814
2069,both,82,2964993
2069,both,83,2812855
2069,both,84,2648161
2069,both,85,2430075
2069,both,86,2290924
2069,both,87,2112143
2069,both,88,1909188
2069,both,89,1724586
2069,both,90,1490112
2069,both,91,1295598
2069,both,92,1123507
2069,both,93,940932
2069,both,94,811761
2069,both,95,669523
2069,both,96,559691
2069,both,97,474523
2069,both,98,398444
2069,both,99,305007
2069,both,100,557181
2070,both,40,4548351
2070,both,41,4549370
2070,both,42,4548566
2070,both,43,4546295
2070,both,44,4542613
2070,both,45,4537380
2070,both,46,4529996
2070,both,47,4519413
2070,both,48,4540318
2070,both,49,4432095
2070,both,50,4513049
2070,both,51,4538515
2070,both,52,4599096
2070,both,53,4648782
2070,both,54,4721448
2070,both,55,4728330
2070,both,56,4689676
2070,both,57,4647803
2070,both,58,4623884
2070,both,59,4632511
2070,both,60,4675650
2070,both,61,4719394
2070,both,62,4825521
2070,both,63,4773079
2070,both,64,4658763
2070,both,65,4571007
2070,both,66,4541559
2070,both,67,4448173
2070,both,68,4501142
2070,both,69,4667505
2070,both,70,4534515
2070,both,71,4300436
2070,both,72,4138030
2070,both,73,4003274
2070,both,74,3907583
2070,both,75,3854228
2070,both,76,3805866
2070,both,77,3736864
2070,both,78,3684351
2070,both,79,3598005
2070,both,80,3464683
2070,both,81,3226921
2070,both,82,3021528
2070,both,83,2831074
2070,both,84,2670161
2070,both,85,2497772
2070,both,86,2276921
2070,both,87,2130923
2070,both,88,1948730
2070,both,89,1745715
2070,both,90,1561350
2070,both,91,1334411
2070,both,92,1146412
2070,both,93,981199
2070,both,94,810029
2070,both,95,687992
2070,both,96,557880
2070,both,97,457902
2070,both,98,380653
2070,both,99,312950
2070,both,100,572606
