year,sex,age,value
2015,both,40,473.9
2015,both,41,462.7
2015,both,42,463
2015,both,43,469.3
2015,both,44,489.9
2015,both,45,486.3
2015,both,46,482.7
2015,both,47,479
2015,both,48,483.7
2015,both,49,509
2015,both,50,542.8
2015,both,51,557.7
2015,both,52,561.4
2015,both,53,549.7
2015,both,54,555.3
2015,both,55,544.6
2015,both,56,531.6
2015,both,57,523.9
2015,both,58,510.2
2015,both,59,494.1
2015,both,60,486.5
2015,both,61,465.6
2015,both,62,442.8
2015,both,63,424.6
2015,both,64,414.9
2015,both,65,404.3
2015,both,66,394.4
2015,both,67,391.5
2015,both,68,387.3
2015,both,69,330.9
2015,both,70,304.5
2015,both,71,292.2
2015,both,72,277.4
2015,both,73,255.1
2015,both,74,241.1
2015,both,75,223.2
2015,both,76,211.4
2015,both,77,198.8
2015,both,78,185.6
2015,both,79,178
2015,both,80,166.7
2015,both,81,155.2
2015,both,82,149.1
2015,both,83,140.6
2015,both,84,131.9
2015,both,85,119.7
2015,both,86,105.8
2015,both,87,95.4
2015,both,88,83.4
2015,both,89,73.2
2015,both,90,62.4
2015,both,91,52.3
2015,both,92,42.7
2015,both,93,34.7
2015,both,94,27
2015,both,95,19.9
2015,both,96,13.2
2015,both,97,8.8
2015,both,98,5.9
2015,both,99,3.8
2015,both,100,6.8
2016,both,40,477.6
2016,both,41,476.8
2016,both,42,465.1
2016,both,43,465.2
2016,both,44,471
2016,both,45,491.4
2016,both,46,487.3
2016,both,47,483.8
2016,both,48,479.7
2016,both,49,483.9
2016,both,50,509.1
2016,both,51,541.9
2016,both,52,557.1
2016,both,53,560.3
2016,both,54,548.2
2016,both,55,553.8
2016,both,56,542.9
2016,both,57,529.5
2016,both,58,521.7
2016,both,59,508
2016,both,60,491.6
2016,both,61,484
2016,both,62,462.8
2016,both,63,439.9
2016,both,64,421.6
2016,both,65,411.6
2016,both,66,400.8
2016,both,67,390.5
2016,both,68,387.3
2016,both,69,382.7
2016,both,70,326.6
2016,both,71,300
2016,both,72,287.6
2016,both,73,272.5
2016,both,74,250.1
2016,both,75,235.8
2016,both,76,217.7
2016,both,77,205.6
2016,both,78,192.8
2016,both,79,179.3
2016,both,80,171.2
2016,both,81,159.5
2016,both,82,147.8
2016,both,83,141.2
2016,both,84,132.3
2016,both,85,123.1
2016,both,86,110.7
2016,both,87,96.9
2016,both,88,86.4
2016,both,89,74.5
2016,both,90,64.3
2016,both,91,54
2016,both,92,44.3
2016,both,93,35.4
2016,both,94,28.1
2016,both,95,21.3
2016,both,96,15.4
2016,both,97,9.9
2016,both,98,6.4
2016,both,99,4.2
2016,both,100,6.9
2017,both,40,480.9
2017,both,41,480.4
2017,both,42,479.2
2017,both,43,467.3
2017,both,44,466.9
2017,both,45,472.5
2017,both,46,492.3
2017,both,47,488.5
2017,both,48,484.5
2017,both,49,479.9
2017,both,50,483.9
2017,both,51,508.4
2017,both,52,541.4
2017,both,53,555.9
2017,both,54,558.8
2017,both,55,546.8
2017,both,56,552.1
2017,both,57,540.8
2017,both,58,527.3
2017,both,59,519.5
2017,both,60,505.5
2017,both,61,489.1
2017,both,62,481.2
2017,both,63,460
2017,both,64,436.9
2017,both,65,418.3
2017,both,66,408.1
2017,both,67,396.9
2017,both,68,386.3
2017,both,69,382.8
2017,both,70,377.7
2017,both,71,321.9
2017,both,72,295.4
2017,both,73,282.6
2017,both,74,267.1
2017,both,75,244.7
2017,both,76,230.2
2017,both,77,211.8
2017,both,78,199.5
2017,both,79,186.3
2017,both,80,172.5
2017,both,81,164
2017,both,82,152
2017,both,83,140
2017,both,84,132.8
2017,both,85,123.5
2017,both,86,113.9
2017,both,87,101.4
2017,both,88,87.8
2017,both,89,77.2
2017,both,90,65.5
2017,both,91,55.6
2017,both,92,45.7
2017,both,93,36.8
2017,both,94,28.8
2017,both,95,22.2
2017,both,96,16.5
2017,both,97,11.6
2017,both,98,7.3
2017,both,99,4.5
2017,both,100,7.2
2018,both,40,485.2
2018,both,41,483.9
2018,both,42,482.9
2018,both,43,481.4
2018,both,44,469.1
2018,both,45,468.4
2018,both,46,473.5
2018,both,47,493.5
2018,both,48,489.2
2018,both,49,484.7
2018,both,50,480.1
2018,both,51,483.4
2018,both,52,507.9
2018,both,53,540.4
2018,both,54,554.5
2018,both,55,557.3
2018,both,56,545.2
2018,both,57,550
2018,both,58,538.7
2018,both,59,525.1
2018,both,60,517
2018,both,61,503
2018,both,62,486.4
2018,both,63,478.2
2018,both,64,456.9
2018,both,65,433.7
2018,both,66,415
2018,both,67,404.3
2018,both,68,392.8
2018,both,69,381.9
2018,both,70,377.9
2018,both,71,372.4
2018,both,72,316.9
2018,both,73,290.3
2018,both,74,277.1
2018,both,75,261.5
2018,both,76,238.9
2018,both,77,224
2018,both,78,205.6
2018,both,79,192.9
2018,both,80,179.4
2018,both,81,165.5
2018,both,82,156.5
2018,both,83,144.2
2018,both,84,131.9
2018,both,85,124.1
2018,both,86,114.4
2018,both,87,104.4
2018,both,88,91.9
2018,both,89,78.4
2018,both,90,67.9
2018,both,91,56.6
2018,both,92,47.1
2018,both,93,38
2018,both,94,29.8
2018,both,95,22.8
2018,both,96,17.2
2018,both,97,12.4
2018,both,98,8.5
2018,both,99,5.1
2018,both,100,7.8
2019,both,40,496.3
2019,both,41,488.1
2019,both,42,486.2
2019,both,43,485
2019,both,44,483
2019,both,45,470.6
2019,both,46,469.5
2019,both,47,474.7
2019,both,48,494.2
2019,both,49,489.4
2019,both,50,484.8
2019,both,51,479.5
2019,both,52,483.1
2019,both,53,507
2019,both,54,539.1
2019,both,55,553.1
2019,both,56,555.7
2019,both,57,543.1
2019,both,58,547.8
2019,both,59,536.5
2019,both,60,522.7
2019,both,61,514.5
2019,both,62,500.2
2019,both,63,483.5
2019,both,64,475.2
2019,both,65,453.6
2019,both,66,430.2
2019,both,67,411
2019,both,68,400.2
2019,both,69,388.4
2019,both,70,377.2
2019,both,71,372.7
2019,both,72,366.7
2019,both,73,311.6
2019,both,74,284.8
2019,both,75,271.4
2019,both,76,255.4
2019,both,77,232.7
2019,both,78,217.5
2019,both,79,198.9
2019,both,80,185.9
2019,both,81,172.1
2019,both,82,158
2019,both,83,148.4
2019,both,84,135.9
2019,both,85,123.3
2019,both,86,115.1
2019,both,87,105
2019,both,88,94.7
2019,both,89,82.3
2019,both,90,69.2
2019,both,91,58.8
2019,both,92,48
2019,both,93,39.1
2019,both,94,30.9
2019,both,95,23.7
2019,both,96,17.6
2019,both,97,13
2019,both,98,9.1
2019,both,99,6
2019,both,100,8.4
2020,both,40,511.1
2020,both,41,499.2
2020,both,42,490.5
2020,both,43,488.4
2020,both,44,486.7
2020,both,45,484.5
2020,both,46,471.7
2020,both,47,470.8
2020,both,48,475.6
2020,both,49,494.3
2020,both,50,489.4
2020,both,51,484.3
2020,both,52,479.2
2020,both,53,482.4
2020,both,54,505.9
2020,both,55,537.8
2020,both,56,551.5
2020,both,57,553.7
2020,both,58,541.1
2020,both,59,545.7
2020,both,60,534
2020,both,61,520.2
2020,both,62,511.7
2020,both,63,497.3
2020,both,64,480.3
2020,both,65,471.7
2020,both,66,449.9
2020,both,67,426.2
2020,both,68,406.9
2020,both,69,395.8
2020,both,70,383.7
2020,both,71,372.2
2020,both,72,367.1
2020,both,73,360.7
2020,both,74,305.9
2020,both,75,279
2020,both,76,265.3
2020,both,77,248.8
2020,both,78,226.1
2020,both,79,210.6
2020,both,80,191.8
2020,both,81,178.4
2020,both,82,164.4
2020,both,83,149.9
2020,both,84,140
2020,both,85,127.1
2020,both,86,114.5
2020,both,87,105.7
2020,both,88,95.3
2020,both,89,84.8
2020,both,90,72.4
2020,both,91,59.8
2020,both,92,49.8
2020,both,93,39.9
2020,both,94,31.8
2020,both,95,24.5
2020,both,96,18.4
2020,both,97,13.3
2020,both,98,9.4
2020,both,99,6.5
2020,both,100,9.5
2021,both,40,522
2021,both,41,514
2021,both,42,501.6
2021,both,43,492.7
2021,both,44,490
2021,both,45,488.2
2021,both,46,485.6
2021,both,47,472.9
2021,both,48,471.6
2021,both,49,475.8
2021,both,50,494.4
2021,both,51,488.9
2021,both,52,484
2021,both,53,478.5
2021,both,54,481.4
2021,both,55,504.8
2021,both,56,536.3
2021,both,57,549.6
2021,both,58,551.7
2021,both,59,539
2021,both,60,543.2
2021,both,61,531.5
2021,both,62,517.4
2021,both,63,508.8
2021,both,64,494.2
2021,both,65,477
2021,both,66,468
2021,both,67,445.9
2021,both,68,422.1
2021,both,69,402.7
2021,both,70,391.1
2021,both,71,378.7
2021,both,72,366.8
2021,both,73,361.2
2021,both,74,354.1
2021,both,75,299.7
2021,both,76,272.8
2021,both,77,258.5
2021,both,78,241.9
2021,both,79,218.9
2021,both,80,203.1
2021,both,81,184.2
2021,both,82,170.6
2021,both,83,156.1
2021,both,84,141.5
2021,both,85,131.1
2021,both,86,118.1
2021,both,87,105.1
2021,both,88,95.9
2021,both,89,85.4
2021,both,90,74.7
2021,both,91,62.7
2021,both,92,50.8
2021,both,93,41.5
2021,both,94,32.4
2021,both,95,25.3
2021,both,96,19
2021,both,97,13.9
2021,both,98,9.7
2021,both,99,6.7
2021,both,100,10.5
2022,both,40,521.3
2022,both,41,524.7
2022,both,42,516.3
2022,both,43,503.6
2022,both,44,494.3
2022,both,45,491.5
2022,both,46,489.2
2022,both,47,486.8
2022,both,48,473.8
2022,both,49,471.8
2022,both,50,476
2022,both,51,493.8
2022,both,52,488.6
2022,both,53,483.3
2022,both,54,477.6
2022,both,55,480.4
2022,both,56,503.5
2022,both,57,534.4
2022,both,58,547.7
2022,both,59,549.5
2022,both,60,536.6
2022,both,61,540.7
2022,both,62,528.8
2022,both,63,514.6
2022,both,64,505.7
2022,both,65,490.8
2022,both,66,473.3
2022,both,67,463.9
2022,both,68,441.7
2022,both,69,417.7
2022,both,70,398
2022,both,71,386.2
2022,both,72,373.3
2022,both,73,360.9
2022,both,74,354.7
2022,both,75,347
2022,both,76,293.1
2022,both,77,266
2022,both,78,251.4
2022,both,79,234.4
2022,both,80,211.4
2022,both,81,195.3
2022,both,82,176.2
2022,both,83,162.1
2022,both,84,147.5
2022,both,85,132.6
2022,both,86,121.8
2022,both,87,108.6
2022,both,88,95.6
2022,both,89,86
2022,both,90,75.2
2022,both,91,64.7
2022,both,92,53.3
2022,both,93,42.2
2022,both,94,33.7
2022,both,95,25.7
2022,both,96,19.6
2022,both,97,14.3
2022,both,98,10.1
2022,both,99,6.9
2022,both,100,11.4
2023,both,40,527.4
2023,both,41,524.2
2023,both,42,527
2023,both,43,518.4
2023,both,44,505.3
2023,both,45,495.8
2023,both,46,492.6
2023,both,47,490.5
2023,both,48,487.6
2023,both,49,474.1
2023,both,50,472
2023,both,51,475.5
2023,both,52,493.6
2023,both,53,487.9
2023,both,54,482.3
2023,both,55,476.6
2023,both,56,479.3
2023,both,57,501.9
2023,both,58,532.7
2023,both,59,545.6
2023,both,60,547.2
2023,both,61,534.3
2023,both,62,538.1
2023,both,63,525.9
2023,both,64,511.5
2023,both,65,502.3
2023,both,66,487.2
2023,both,67,469.3
2023,both,68,459.6
2023,both,69,437.2
2023,both,70,413
2023,both,71,393
2023,both,72,380.8
2023,both,73,367.5
2023,both,74,354.7
2023,both,75,347.9
2023,both,76,339.5
2023,both,77,285.9
2023,both,78,258.8
2023,both,79,243.7
2023,both,80,226.4
2023,both,81,203.2
2023,both,82,186.9
2023,both,83,167.6
2023,both,84,153.2
2023,both,85,138.3
2023,both,86,123.3
2023,both,87,112.1
2023,both,88,98.7
2023,both,89,85.7
2023,both,90,75.9
2023,both,91,65.2
2023,both,92,55
2023,both,93,44.2
2023,both,94,34.3
2023,both,95,26.8
2023,both,96,19.9
2023,both,97,14.7
2023,both,98,10.4
2023,both,99,7.2
2023,both,100,12
2024,both,40,531.2
2024,both,41,530.3
2024,both,42,526.6
2024,both,43,529.2
2024,both,44,520
2024,both,45,506.9
2024,both,46,497
2024,both,47,493.9
2024,both,48,491.4
2024,both,49,487.9
2024,both,50,474.4
2024,both,51,471.8
2024,both,52,475.4
2024,both,53,493
2024,both,54,487
2024,both,55,481.5
2024,both,56,475.6
2024,both,57,477.9
2024,both,58,500.4
2024,both,59,530.8
2024,both,60,543.4
2024,both,61,544.8
2024,both,62,531.6
2024,both,63,535.2
2024,both,64,522.9
2024,both,65,508.1
2024,both,66,498.7
2024,both,67,483
2024,both,68,464.9
2024,both,69,454.9
2024,both,70,432.3
2024,both,71,407.9
2024,both,72,387.7
2024,both,73,374.9
2024,both,74,361.3
2024,both,75,347.9
2024,both,76,340.5
2024,both,77,331.4
2024,both,78,278.3
2024,both,79,251
2024,both,80,235.5
2024,both,81,217.8
2024,both,82,194.6
2024,both,83,177.8
2024,both,84,158.5
2024,both,85,143.8
2024,both,86,128.7
2024,both,87,113.5
2024,both,88,102
2024,both,89,88.6
2024,both,90,75.7
2024,both,91,65.7
2024,both,92,55.4
2024,both,93,45.8
2024,both,94,36
2024,both,95,27.3
2024,both,96,20.7
2024,both,97,15
2024,both,98,10.8
2024,both,99,7.5
2024,both,100,12.6
2025,both,40,536
2025,both,41,534.2
2025,both,42,532.8
2025,both,43,528.8
2025,both,44,530.9
2025,both,45,521.6
2025,both,46,508
2025,both,47,498.3
2025,both,48,494.9
2025,both,49,491.8
2025,both,50,488.3
2025,both,51,474
2025,both,52,471.6
2025,both,53,475
2025,both,54,492
2025,both,55,486.2
2025,both,56,480.4
2025,both,57,474.2
2025,both,58,476.5
2025,both,59,498.7
2025,both,60,528.7
2025,both,61,541.1
2025,both,62,542.2
2025,both,63,529
2025,both,64,532.1
2025,both,65,519.5
2025,both,66,504.5
2025,both,67,494.5
2025,both,68,478.7
2025,both,69,460.5
2025,both,70,450
2025,both,71,427
2025,both,72,402.5
2025,both,73,381.9
2025,both,74,368.7
2025,both,75,354.5
2025,both,76,340.7
2025,both,77,332.5
2025,both,78,322.7
2025,both,79,270.1
2025,both,80,242.7
2025,both,81,226.8
2025,both,82,208.7
2025,both,83,185.3
2025,both,84,168.3
2025,both,85,148.9
2025,both,86,133.9
2025,both,87,118.6
2025,both,88,103.4
2025,both,89,91.6
2025,both,90,78.2
2025,both,91,65.6
2025,both,92,56
2025,both,93,46.1
2025,both,94,37.2
2025,both,95,28.6
2025,both,96,21.1
2025,both,97,15.7
2025,both,98,11
2025,both,99,7.6
2025,both,100,13.1
2026,both,40,536.1
2026,both,41,538.9
2026,both,42,536.6
2026,both,43,535
2026,both,44,530.5
2026,both,45,532.5
2026,both,46,522.8
2026,both,47,509.4
2026,both,48,499.3
2026,both,49,495.2
2026,both,50,492
2026,both,51,487.9
2026,both,52,474
2026,both,53,471.1
2026,both,54,474.2
2026,both,55,491.3
2026,both,56,485.2
2026,both,57,479.1
2026,both,58,472.9
2026,both,59,474.9
2026,both,60,496.8
2026,both,61,526.6
2026,both,62,538.6
2026,both,63,539.6
2026,both,64,526
2026,both,65,528.8
2026,both,66,515.9
2026,both,67,500.5
2026,both,68,490.2
2026,both,69,474.1
2026,both,70,455.5
2026,both,71,444.7
2026,both,72,421.5
2026,both,73,396.6
2026,both,74,375.6
2026,both,75,361.9
2026,both,76,347.3
2026,both,77,332.8
2026,both,78,323.8
2026,both,79,313.2
2026,both,80,261.3
2026,both,81,233.7
2026,both,82,217.4
2026,both,83,198.9
2026,both,84,175.5
2026,both,85,158.2
2026,both,86,138.8
2026,both,87,123.5
2026,both,88,108.1
2026,both,89,92.9
2026,both,90,81
2026,both,91,67.9
2026,both,92,55.8
2026,both,93,46.5
2026,both,94,37.5
2026,both,95,29.6
2026,both,96,22.2
2026,both,97,15.9
2026,both,98,11.5
2026,both,99,7.8
2026,both,100,13.7
2027,both,40,530.2
2027,both,41,539.1
2027,both,42,541.4
2027,both,43,538.9
2027,both,44,536.8
2027,both,45,532.2
2027,both,46,533.6
2027,both,47,524.1
2027,both,48,510.4
2027,both,49,499.7
2027,both,50,495.6
2027,both,51,491.7
2027,both,52,487.9
2027,both,53,473.6
2027,both,54,470.5
2027,both,55,473.4
2027,both,56,490.2
2027,both,57,483.9
2027,both,58,477.7
2027,both,59,471.4
2027,both,60,473.2
2027,both,61,494.9
2027,both,62,524.2
2027,both,63,536
2027,both,64,536.7
2027,both,65,522.9
2027,both,66,525.2
2027,both,67,511.8
2027,both,68,496.2
2027,both,69,485.6
2027,both,70,469.2
2027,both,71,450.3
2027,both,72,439
2027,both,73,415.5
2027,both,74,390.3
2027,both,75,368.9
2027,both,76,354.7
2027,both,77,339.4
2027,both,78,324.4
2027,both,79,314.6
2027,both,80,303.2
2027,both,81,251.8
2027,both,82,224.2
2027,both,83,207.3
2027,both,84,188.5
2027,both,85,165.1
2027,both,86,147.5
2027,both,87,128
2027,both,88,112.6
2027,both,89,97.2
2027,both,90,82.2
2027,both,91,70.3
2027,both,92,57.8
2027,both,93,46.5
2027,both,94,37.9
2027,both,95,29.8
2027,both,96,22.9
2027,both,97,16.7
2027,both,98,11.7
2027,both,99,8.2
2027,both,100,14.2
2028,both,40,530.8
2028,both,41,533.3
2028,both,42,541.7
2028,both,43,543.8
2028,both,44,540.7
2028,both,45,538.4
2028,both,46,533.3
2028,both,47,535
2028,both,48,525.1
2028,both,49,510.8
2028,both,50,500.1
2028,both,51,495.4
2028,both,52,491.6
2028,both,53,487.4
2028,both,54,472.8
2028,both,55,469.8
2028,both,56,472.6
2028,both,57,488.9
2028,both,58,482.5
2028,both,59,476.3
2028,both,60,469.8
2028,both,61,471.6
2028,both,62,492.8
2028,both,63,521.8
2028,both,64,533.2
2028,both,65,533.5
2028,both,66,519.4
2028,both,67,521.2
2028,both,68,507.6
2028,both,69,491.7
2028,both,70,480.7
2028,both,71,463.9
2028,both,72,444.7
2028,both,73,432.8
2028,both,74,409
2028,both,75,383.4
2028,both,76,361.7
2028,both,77,346.8
2028,both,78,330.9
2028,both,79,315.3
2028,both,80,304.7
2028,both,81,292.4
2028,both,82,241.7
2028,both,83,214
2028,both,84,196.5
2028,both,85,177.4
2028,both,86,154
2028,both,87,136.3
2028,both,88,116.8
2028,both,89,101.3
2028,both,90,86
2028,both,91,71.4
2028,both,92,59.9
2028,both,93,48.2
2028,both,94,37.8
2028,both,95,30.1
2028,both,96,23.2
2028,both,97,17.3
2028,both,98,12.3
2028,both,99,8.3
2028,both,100,14.6
2029,both,40,545.8
2029,both,41,534
2029,both,42,536
2029,both,43,544
2029,both,44,545.6
2029,both,45,542.4
2029,both,46,539.6
2029,both,47,534.7
2029,both,48,536
2029,both,49,525.6
2029,both,50,511.2
2029,both,51,499.9
2029,both,52,495.4
2029,both,53,491.3
2029,both,54,486.7
2029,both,55,472.3
2029,both,56,469
2029,both,57,471.4
2029,both,58,487.7
2029,both,59,481.2
2029,both,60,474.7
2029,both,61,468.2
2029,both,62,469.7
2029,both,63,490.7
2029,both,64,519.2
2029,both,65,530.2
2029,both,66,530
2029,both,67,515.5
2029,both,68,517
2029,both,69,503
2029,both,70,486.8
2029,both,71,475.3
2029,both,72,458.2
2029,both,73,438.6
2029,both,74,426.2
2029,both,75,401.9
2029,both,76,376
2029,both,77,353.8
2029,both,78,338.3
2029,both,79,321.7
2029,both,80,305.4
2029,both,81,293.9
2029,both,82,280.8
2029,both,83,230.8
2029,both,84,203
2029,both,85,185.1
2029,both,86,165.6
2029,both,87,142.3
2029,both,88,124.5
2029,both,89,105.3
2029,both,90,89.7
2029,both,91,74.7
2029,both,92,60.8
2029,both,93,49.9
2029,both,94,39.3
2029,both,95,30.1
2029,both,96,23.4
2029,both,97,17.5
2029,both,98,12.7
2029,both,99,8.8
2029,both,100,15
2030,both,40,564.6
2030,both,41,549
2030,both,42,536.7
2030,both,43,538.4
2030,both,44,545.9
2030,both,45,547.3
2030,both,46,543.7
2030,both,47,541.1
2030,both,48,535.8
2030,both,49,536.4
2030,both,50,525.8
2030,both,51,511
2030,both,52,499.9
2030,both,53,495
2030,both,54,490.6
2030,both,55,486.1
2030,both,56,471.5
2030,both,57,467.9
2030,both,58,470.3
2030,both,59,486.3
2030,both,60,479.6
2030,both,61,473.2
2030,both,62,466.5
2030,both,63,467.8
2030,both,64,488.3
2030,both,65,516.3
2030,both,66,526.9
2030,both,67,526.1
2030,both,68,511.5
2030,both,69,512.4
2030,both,70,498.2
2030,both,71,481.5
2030,both,72,469.7
2030,both,73,452.1
2030,both,74,431.9
2030,both,75,419
2030,both,76,394.2
2030,both,77,367.9
2030,both,78,345.3
2030,both,79,329.1
2030,both,80,312
2030,both,81,294.8
2030,both,82,282.5
2030,both,83,268.2
2030,both,84,219
2030,both,85,191.3
2030,both,86,172.9
2030,both,87,153.1
2030,both,88,130.1
2030,both,89,112.1
2030,both,90,93.2
2030,both,91,78
2030,both,92,63.7
2030,both,93,50.8
2030,both,94,40.7
2030,both,95,31.2
2030,both,96,23.4
2030,both,97,17.7
2030,both,98,12.9
2030,both,99,9.1
2030,both,100,15.6
2031,both,40,567.7
2031,both,41,567.9
2031,both,42,551.7
2031,both,43,539.2
2031,both,44,540.4
2031,both,45,547.7
2031,both,46,548.6
2031,both,47,545.1
2031,both,48,542.1
2031,both,49,536.2
2031,both,50,536.7
2031,both,51,525.6
2031,both,52,511
2031,both,53,499.5
2031,both,54,494.3
2031,both,55,490.1
2031,both,56,485.3
2031,both,57,470.4
2031,both,58,466.8
2031,both,59,469
2031,both,60,484.7
2031,both,61,478
2031,both,62,471.4
2031,both,63,464.6
2031,both,64,465.7
2031,both,65,485.8
2031,both,66,513.2
2031,both,67,523.1
2031,both,68,522.1
2031,both,69,507.1
2031,both,70,507.5
2031,both,71,492.9
2031,both,72,475.9
2031,both,73,463.4
2031,both,74,445.4
2031,both,75,424.8
2031,both,76,411.2
2031,both,77,385.9
2031,both,78,359.2
2031,both,79,336
2031,both,80,319.2
2031,both,81,301.3
2031,both,82,283.4
2031,both,83,270
2031,both,84,254.8
2031,both,85,206.5
2031,both,86,178.8
2031,both,87,160
2031,both,88,140
2031,both,89,117.3
2031,both,90,99.4
2031,both,91,81.1
2031,both,92,66.5
2031,both,93,53.2
2031,both,94,41.4
2031,both,95,32.4
2031,both,96,24.3
2031,both,97,17.7
2031,both,98,13
2031,both,99,9.2
2031,both,100,16.2
2032,both,40,567
2032,both,41,570.9
2032,both,42,570.6
2032,both,43,554.2
2032,both,44,541.1
2032,both,45,542.2
2032,both,46,549
2032,both,47,550.1
2032,both,48,546.2
2032,both,49,542.6
2032,both,50,536.7
2032,both,51,536.5
2032,both,52,525.6
2032,both,53,510.6
2032,both,54,498.9
2032,both,55,493.7
2032,both,56,489.3
2032,both,57,484.2
2032,both,58,469.4
2032,both,59,465.6
2032,both,60,467.6
2032,both,61,483.2
2032,both,62,476.3
2032,both,63,469.6
2032,both,64,462.5
2032,both,65,463.3
2032,both,66,483
2032,both,67,509.6
2032,both,68,519.1
2032,both,69,517.7
2032,both,70,502.4
2032,both,71,502.2
2032,both,72,487.2
2032,both,73,469.7
2032,both,74,456.7
2032,both,75,438.1
2032,both,76,417
2032,both,77,402.6
2032,both,78,377
2032,both,79,349.8
2032,both,80,326
2032,both,81,308.5
2032,both,82,289.8
2032,both,83,271.1
2032,both,84,256.7
2032,both,85,240.4
2032,both,86,193.2
2032,both,87,165.6
2032,both,88,146.4
2032,both,89,126.3
2032,both,90,104
2032,both,91,86.5
2032,both,92,69.3
2032,both,93,55.6
2032,both,94,43.4
2032,both,95,33
2032,both,96,25.1
2032,both,97,18.4
2032,both,98,13
2032,both,99,9.2
2032,both,100,16.6
2033,both,40,566
2033,both,41,570.3
2033,both,42,573.6
2033,both,43,573
2033,both,44,556.1
2033,both,45,543.1
2033,both,46,543.5
2033,both,47,550.6
2033,both,48,551.2
2033,both,49,546.7
2033,both,50,543
2033,both,51,536.4
2033,both,52,536.5
2033,both,53,525.2
2033,both,54,509.9
2033,both,55,498.4
2033,both,56,493.1
2033,both,57,488.2
2033,both,58,483.1
2033,both,59,468.3
2033,both,60,464.3
2033,both,61,466.3
2033,both,62,481.6
2033,both,63,474.6
2033,both,64,467.6
2033,both,65,460.3
2033,both,66,460.8
2033,both,67,479.8
2033,both,68,505.9
2033,both,69,514.9
2033,both,70,513
2033,both,71,497.4
2033,both,72,496.7
2033,both,73,481
2033,both,74,463
2033,both,75,449.5
2033,both,76,430.3
2033,both,77,408.5
2033,both,78,393.4
2033,both,79,367.3
2033,both,80,339.5
2033,both,81,315.2
2033,both,82,296.8
2033,both,83,277.4
2033,both,84,257.8
2033,both,85,242.3
2033,both,86,225
2033,both,87,179
2033,both,88,151.6
2033,both,89,132.2
2033,both,90,112
2033,both,91,90.6
2033,both,92,73.8
2033,both,93,57.8
2033,both,94,45.4
2033,both,95,34.6
2033,both,96,25.6
2033,both,97,19.1
2033,both,98,13.5
2033,both,99,9.3
2033,both,100,17
2034,both,40,566
2034,both,41,569.4
2034,both,42,573.1
2034,both,43,576.1
2034,both,44,575
2034,both,45,558.1
2034,both,46,544.6
2034,both,47,545.2
2034,both,48,551.7
2034,both,49,551.7
2034,both,50,547.1
2034,both,51,542.7
2034,both,52,536.4
2034,both,53,536.1
2034,both,54,524.6
2034,both,55,509.4
2034,both,56,497.6
2034,both,57,492
2034,both,58,487.1
2034,both,59,482
2034,both,60,467
2034,both,61,463
2034,both,62,464.8
2034,both,63,479.9
2034,both,64,472.6
2034,both,65,465.4
2034,both,66,457.8
2034,both,67,457.8
2034,both,68,476.4
2034,both,69,501.9
2034,both,70,510.3
2034,both,71,508
2034,both,72,491.9
2034,both,73,490.5
2034,both,74,474.3
2034,both,75,455.8
2034,both,76,441.5
2034,both,77,421.6
2034,both,78,399.4
2034,both,79,383.4
2034,both,80,356.8
2034,both,81,328.5
2034,both,82,303.6
2034,both,83,284.3
2034,both,84,264
2034,both,85,243.7
2034,both,86,226.9
2034,both,87,208.7
2034,both,88,164
2034,both,89,136.9
2034,both,90,117.3
2034,both,91,97.6
2034,both,92,77.4
2034,both,93,61.7
2034,both,94,47.2
2034,both,95,36.2
2034,both,96,26.9
2034,both,97,19.4
2034,both,98,14
2034,both,99,9.7
2034,both,100,17.2
2035,both,40,566.8
2035,both,41,569.5
2035,both,42,572.2
2035,both,43,575.6
2035,both,44,578.1
2035,both,45,576.8
2035,both,46,559.6
2035,both,47,546.2
2035,both,48,546.4
2035,both,49,552.3
2035,both,50,552.1
2035,both,51,547
2035,both,52,542.9
2035,both,53,536.1
2035,both,54,535.5
2035,both,55,524
2035,both,56,508.8
2035,both,57,496.6
2035,both,58,491
2035,both,59,486
2035,both,60,480.7
2035,both,61,465.7
2035,both,62,461.5
2035,both,63,463.2
2035,both,64,477.9
2035,both,65,470.4
2035,both,66,463
2035,both,67,455
2035,both,68,454.7
2035,both,69,472.9
2035,both,70,497.6
2035,both,71,505.5
2035,both,72,502.5
2035,both,73,485.9
2035,both,74,483.8
2035,both,75,467.1
2035,both,76,448
2035,both,77,432.9
2035,both,78,412.3
2035,both,79,389.4
2035,both,80,372.6
2035,both,81,345.2
2035,both,82,316.5
2035,both,83,290.9
2035,both,84,270.8
2035,both,85,249.6
2035,both,86,228.4
2035,both,87,210.5
2035,both,88,191.2
2035,both,89,148.1
2035,both,90,121.6
2035,both,91,102.2
2035,both,92,83.4
2035,both,93,64.7
2035,both,94,50.4
2035,both,95,37.7
2035,both,96,28.2
2035,both,97,20.4
2035,both,98,14.2
2035,both,99,10
2035,both,100,17.6
2036,both,40,561
2036,both,41,570.3
2036,both,42,572.2
2036,both,43,574.8
2036,both,44,577.7
2036,both,45,580.1
2036,both,46,578.3
2036,both,47,561.2
2036,both,48,547.4
2036,both,49,547
2036,both,50,552.7
2036,both,51,552
2036,both,52,547
2036,both,53,542.5
2036,both,54,535.5
2036,both,55,534.9
2036,both,56,523.4
2036,both,57,507.7
2036,both,58,495.7
2036,both,59,489.9
2036,both,60,484.8
2036,both,61,479.5
2036,both,62,464.3
2036,both,63,460.1
2036,both,64,461.4
2036,both,65,475.7
2036,both,66,468.1
2036,both,67,460.2
2036,both,68,452
2036,both,69,451.4
2036,both,70,468.9
2036,both,71,493
2036,both,72,500.2
2036,both,73,496.6
2036,both,74,479.5
2036,both,75,476.6
2036,both,76,459.1
2036,both,77,439.4
2036,both,78,423.5
2036,both,79,402.3
2036,both,80,378.6
2036,both,81,360.8
2036,both,82,332.8
2036,both,83,303.5
2036,both,84,277.2
2036,both,85,256.1
2036,both,86,234
2036,both,87,212
2036,both,88,193.2
2036,both,89,173
2036,both,90,131.7
2036,both,91,106
2036,both,92,87.4
2036,both,93,69.8
2036,both,94,52.9
2036,both,95,40.3
2036,both,96,29.3
2036,both,97,21.3
2036,both,98,15
2036,both,99,10.2
2036,both,100,18.1
2037,both,40,546.7
2037,both,41,564.6
2037,both,42,573.2
2037,both,43,575
2037,both,44,577
2037,both,45,579.7
2037,both,46,581.6
2037,both,47,580
2037,both,48,562.4
2037,both,49,548.1
2037,both,50,547.4
2037,both,51,552.6
2037,both,52,552
2037,both,53,546.7
2037,both,54,541.9
2037,both,55,535
2037,both,56,534.3
2037,both,57,522.3
2037,both,58,506.8
2037,both,59,494.6
2037,both,60,488.7
2037,both,61,483.6
2037,both,62,478
2037,both,63,462.9
2037,both,64,458.3
2037,both,65,459.5
2037,both,66,473.4
2037,both,67,465.3
2037,both,68,457.2
2037,both,69,448.8
2037,both,70,447.8
2037,both,71,464.6
2037,both,72,488
2037,both,73,494.4
2037,both,74,490.1
2037,both,75,472.4
2037,both,76,468.6
2037,both,77,450.5
2037,both,78,430
2037,both,79,413.2
2037,both,80,391.3
2037,both,81,366.7
2037,both,82,348
2037,both,83,319.3
2037,both,84,289.4
2037,both,85,262.4
2037,both,86,240.4
2037,both,87,217.4
2037,both,88,194.6
2037,both,89,174.7
2037,both,90,153.8
2037,both,91,114.8
2037,both,92,90.6
2037,both,93,73.2
2037,both,94,57.1
2037,both,95,42.3
2037,both,96,31.4
2037,both,97,22.3
2037,both,98,15.7
2037,both,99,10.7
2037,both,100,18.5
2038,both,40,538.4
2038,both,41,550.3
2038,both,42,567.5
2038,both,43,575.8
2038,both,44,577.1
2038,both,45,578.9
2038,both,46,581.2
2038,both,47,583.2
2038,both,48,581.2
2038,both,49,563
2038,both,50,548.6
2038,both,51,547.5
2038,both,52,552.8
2038,both,53,551.8
2038,both,54,546.1
2038,both,55,541.4
2038,both,56,534.4
2038,both,57,533.2
2038,both,58,521.3
2038,both,59,505.7
2038,both,60,493.4
2038,both,61,487.5
2038,both,62,482.2
2038,both,63,476.6
2038,both,64,461.2
2038,both,65,456.5
2038,both,66,457.3
2038,both,67,470.7
2038,both,68,462.4
2038,both,69,454
2038,both,70,445.4
2038,both,71,443.9
2038,both,72,460.1
2038,both,73,482.5
2038,both,74,488
2038,both,75,483
2038,both,76,464.7
2038,both,77,459.9
2038,both,78,441.1
2038,both,79,419.8
2038,both,80,402.1
2038,both,81,379.2
2038,both,82,353.9
2038,both,83,334
2038,both,84,304.5
2038,both,85,274
2038,both,86,246.4
2038,both,87,223.4
2038,both,88,199.7
2038,both,89,176.2
2038,both,90,155.5
2038,both,91,134.2
2038,both,92,98.3
2038,both,93,75.9
2038,both,94,59.8
2038,both,95,45.6
2038,both,96,32.9
2038,both,97,23.8
2038,both,98,16.4
2038,both,99,11.2
2038,both,100,19.3
2039,both,40,532.1
2039,both,41,542.1
2039,both,42,553.4
2039,both,43,570.3
2039,both,44,578
2039,both,45,579.1
2039,both,46,580.5
2039,both,47,582.9
2039,both,48,584.5
2039,both,49,581.8
2039,both,50,563.5
2039,both,51,548.6
2039,both,52,547.6
2039,both,53,552.5
2039,both,54,551.3
2039,both,55,545.6
2039,both,56,540.8
2039,both,57,533.3
2039,both,58,532.2
2039,both,59,520.3
2039,both,60,504.4
2039,both,61,492.2
2039,both,62,486.1
2039,both,63,480.7
2039,both,64,474.9
2039,both,65,459.3
2039,both,66,454.4
2039,both,67,454.7
2039,both,68,467.8
2039,both,69,459.2
2039,both,70,450.6
2039,both,71,441.5
2039,both,72,439.6
2039,both,73,455
2039,both,74,476.5
2039,both,75,481.1
2039,both,76,475.3
2039,both,77,456.2
2039,both,78,450.4
2039,both,79,430.8
2039,both,80,408.7
2039,both,81,390
2039,both,82,366.1
2039,both,83,339.9
2039,both,84,318.9
2039,both,85,288.6
2039,both,86,257.5
2039,both,87,229.2
2039,both,88,205.3
2039,both,89,180.9
2039,both,90,156.9
2039,both,91,135.7
2039,both,92,114.9
2039,both,93,82.4
2039,both,94,62.1
2039,both,95,47.9
2039,both,96,35.6
2039,both,97,25
2039,both,98,17.6
2039,both,99,11.7
2039,both,100,20
2040,both,40,533.5
2040,both,41,535.9
2040,both,42,545.2
2040,both,43,556.2
2040,both,44,572.5
2040,both,45,580.2
2040,both,46,580.7
2040,both,47,582.2
2040,both,48,584.2
2040,both,49,585.1
2040,both,50,582.3
2040,both,51,563.6
2040,both,52,548.7
2040,both,53,547.4
2040,both,54,552
2040,both,55,550.8
2040,both,56,545
2040,both,57,539.7
2040,both,58,532.3
2040,both,59,531.1
2040,both,60,519
2040,both,61,503.3
2040,both,62,490.9
2040,both,63,484.7
2040,both,64,479.1
2040,both,65,473
2040,both,66,457.3
2040,both,67,452
2040,both,68,452
2040,both,69,464.7
2040,both,70,455.8
2040,both,71,446.9
2040,both,72,437.3
2040,both,73,434.9
2040,both,74,449.4
2040,both,75,469.8
2040,both,76,473.6
2040,both,77,466.8
2040,both,78,447.1
2040,both,79,440.1
2040,both,80,419.5
2040,both,81,396.5
2040,both,82,376.7
2040,both,83,351.8
2040,both,84,324.6
2040,both,85,302.3
2040,both,86,271.4
2040,both,87,239.7
2040,both,88,210.8
2040,both,89,186.1
2040,both,90,161.1
2040,both,91,137
2040,both,92,116.3
2040,both,93,96.4
2040,both,94,67.4
2040,both,95,49.7
2040,both,96,37.4
2040,both,97,27
2040,both,98,18.4
2040,both,99,12.6
2040,both,100,20.9
2041,both,40,527.7
2041,both,41,537.4
2041,both,42,539
2041,both,43,548.2
2041,both,44,558.6
2041,both,45,574.7
2041,both,46,581.8
2041,both,47,582.5
2041,both,48,583.6
2041,both,49,584.9
2041,both,50,585.7
2041,both,51,582.3
2041,both,52,563.7
2041,both,53,548.6
2041,both,54,546.9
2041,both,55,551.5
2041,both,56,550.1
2041,both,57,544
2041,both,58,538.8
2041,both,59,531.4
2041,both,60,529.8
2041,both,61,517.8
2041,both,62,502
2041,both,63,489.5
2041,both,64,483.2
2041,both,65,477.3
2041,both,66,471
2041,both,67,454.9
2041,both,68,449.4
2041,both,69,449.2
2041,both,70,461.3
2041,both,71,452.1
2041,both,72,442.7
2041,both,73,432.9
2041,both,74,429.8
2041,both,75,443.4
2041,both,76,462.6
2041,both,77,465.3
2041,both,78,457.5
2041,both,79,436.9
2041,both,80,428.8
2041,both,81,407.2
2041,both,82,383.1
2041,both,83,362.1
2041,both,84,336.2
2041,both,85,308
2041,both,86,284.5
2041,both,87,252.8
2041,both,88,220.6
2041,both,89,191.2
2041,both,90,165.9
2041,both,91,140.8
2041,both,92,117.5
2041,both,93,97.6
2041,both,94,79
2041,both,95,53.9
2041,both,96,38.7
2041,both,97,28.4
2041,both,98,19.9
2041,both,99,13.2
2041,both,100,22.1
2042,both,40,527.9
2042,both,41,531.6
2042,both,42,540.6
2042,both,43,542
2042,both,44,550.6
2042,both,45,560.8
2042,both,46,576.4
2042,both,47,583.6
2042,both,48,583.8
2042,both,49,584.2
2042,both,50,585.4
2042,both,51,585.6
2042,both,52,582.4
2042,both,53,563.5
2042,both,54,548.2
2042,both,55,546.6
2042,both,56,550.9
2042,both,57,549.2
2042,both,58,543.1
2042,both,59,537.8
2042,both,60,530.1
2042,both,61,528.7
2042,both,62,516.6
2042,both,63,500.5
2042,both,64,488
2042,both,65,481.4
2042,both,66,475.3
2042,both,67,468.6
2042,both,68,452.4
2042,both,69,446.6
2042,both,70,446
2042,both,71,457.7
2042,both,72,448
2042,both,73,438.2
2042,both,74,427.8
2042,both,75,424.1
2042,both,76,436.8
2042,both,77,454.7
2042,both,78,456.3
2042,both,79,447.4
2042,both,80,425.9
2042,both,81,416.4
2042,both,82,393.7
2042,both,83,368.5
2042,both,84,346.3
2042,both,85,319.2
2042,both,86,290
2042,both,87,265.1
2042,both,88,232.8
2042,both,89,200.3
2042,both,90,170.4
2042,both,91,145.1
2042,both,92,120.8
2042,both,93,98.5
2042,both,94,80
2042,both,95,63.2
2042,both,96,42.1
2042,both,97,29.5
2042,both,98,20.9
2042,both,99,14.2
2042,both,100,23.2
2043,both,40,530.9
2043,both,41,531.9
2043,both,42,534.9
2043,both,43,543.6
2043,both,44,544.5
2043,both,45,552.8
2043,both,46,562.5
2043,both,47,578.2
2043,both,48,585
2043,both,49,584.5
2043,both,50,584.8
2043,both,51,585.5
2043,both,52,585.8
2043,both,53,582.2
2043,both,54,563.1
2043,both,55,547.8
2043,both,56,546.1
2043,both,57,550.1
2043,both,58,548.3
2043,both,59,542.1
2043,both,60,536.7
2043,both,61,529
2043,both,62,527.4
2043,both,63,515.1
2043,both,64,499.1
2043,both,65,486.2
2043,both,66,479.4
2043,both,67,472.9
2043,both,68,466
2043,both,69,449.6
2043,both,70,443.6
2043,both,71,442.5
2043,both,72,453.7
2043,both,73,443.6
2043,both,74,433.3
2043,both,75,422.3
2043,both,76,417.9
2043,both,77,429.3
2043,both,78,446
2043,both,79,446.3
2043,both,80,436.3
2043,both,81,413.8
2043,both,82,402.9
2043,both,83,378.9
2043,both,84,352.7
2043,both,85,328.9
2043,both,86,300.7
2043,both,87,270.4
2043,both,88,244.3
2043,both,89,211.4
2043,both,90,178.7
2043,both,91,149.2
2043,both,92,124.4
2043,both,93,101.4
2043,both,94,80.8
2043,both,95,64.1
2043,both,96,49.4
2043,both,97,32
2043,both,98,21.8
2043,both,99,15
2043,both,100,24.7
2044,both,40,540
2044,both,41,534.9
2044,both,42,535.2
2044,both,43,538
2044,both,44,546.1
2044,both,45,546.8
2044,both,46,554.7
2044,both,47,564.5
2044,both,48,579.7
2044,both,49,585.7
2044,both,50,585.3
2044,both,51,584.9
2044,both,52,585.7
2044,both,53,585.7
2044,both,54,581.7
2044,both,55,562.7
2044,both,56,547.3
2044,both,57,545.1
2044,both,58,549.2
2044,both,59,547.3
2044,both,60,541
2044,both,61,535.5
2044,both,62,527.7
2044,both,63,526
2044,both,64,513.5
2044,both,65,497.3
2044,both,66,484.3
2044,both,67,477.1
2044,both,68,470.4
2044,both,69,463.3
2044,both,70,446.7
2044,both,71,440.2
2044,both,72,438.8
2044,both,73,449.2
2044,both,74,438.7
2044,both,75,427.8
2044,both,76,416.2
2044,both,77,411
2044,both,78,421.3
2044,both,79,436.4
2044,both,80,435.4
2044,both,81,424.1
2044,both,82,400.5
2044,both,83,387.9
2044,both,84,362.8
2044,both,85,335.2
2044,both,86,310.1
2044,both,87,280.5
2044,both,88,249.3
2044,both,89,222
2044,both,90,188.7
2044,both,91,156.4
2044,both,92,128
2044,both,93,104.5
2044,both,94,83.2
2044,both,95,64.8
2044,both,96,50
2044,both,97,37.5
2044,both,98,23.6
2044,both,99,15.6
2044,both,100,26.2
2045,both,40,542.7
2045,both,41,544
2045,both,42,538.3
2045,both,43,538.4
2045,both,44,540.6
2045,both,45,548.5
2045,both,46,548.8
2045,both,47,556.6
2045,both,48,566
2045,both,49,580.5
2045,both,50,586.4
2045,both,51,585.3
2045,both,52,585.1
2045,both,53,585.6
2045,both,54,585.2
2045,both,55,581.4
2045,both,56,562.2
2045,both,57,546.5
2045,both,58,544.4
2045,both,59,548.2
2045,both,60,546.2
2045,both,61,539.9
2045,both,62,534.3
2045,both,63,526.4
2045,both,64,524.5
2045,both,65,511.8
2045,both,66,495.4
2045,both,67,482
2045,both,68,474.5
2045,both,69,467.6
2045,both,70,460.3
2045,both,71,443.4
2045,both,72,436.5
2045,both,73,434.7
2045,both,74,444.3
2045,both,75,433.3
2045,both,76,421.8
2045,both,77,409.5
2045,both,78,403.4
2045,both,79,412.5
2045,both,80,425.9
2045,both,81,423.4
2045,both,82,410.6
2045,both,83,385.8
2045,both,84,371.5
2045,both,85,345
2045,both,86,316.2
2045,both,87,289.5
2045,both,88,258.9
2045,both,89,226.7
2045,both,90,198.2
2045,both,91,165.3
2045,both,92,134.3
2045,both,93,107.6
2045,both,94,85.8
2045,both,95,66.7
2045,both,96,50.6
2045,both,97,38
2045,both,98,27.7
2045,both,99,16.9
2045,both,100,27.5
2046,both,40,553.1
2046,both,41,546.8
2046,both,42,547.4
2046,both,43,541.4
2046,both,44,541
2046,both,45,543
2046,both,46,550.5
2046,both,47,550.7
2046,both,48,558.3
2046,both,49,566.8
2046,both,50,581.2
2046,both,51,586.5
2046,both,52,585.5
2046,both,53,585
2046,both,54,585.1
2046,both,55,584.9
2046,both,56,580.9
2046,both,57,561.4
2046,both,58,545.7
2046,both,59,543.5
2046,both,60,547.2
2046,both,61,545.1
2046,both,62,538.7
2046,both,63,532.9
2046,both,64,524.9
2046,both,65,522.7
2046,both,66,509.8
2046,both,67,493.1
2046,both,68,479.5
2046,both,69,472
2046,both,70,464.8
2046,both,71,456.9
2046,both,72,439.8
2046,both,73,432.5
2046,both,74,430
2046,both,75,439
2046,both,76,427.3
2046,both,77,415.1
2046,both,78,402.1
2046,both,79,395.1
2046,both,80,402.7
2046,both,81,414.4
2046,both,82,410.1
2046,both,83,395.8
2046,both,84,369.7
2046,both,85,353.5
2046,both,86,325.6
2046,both,87,295.3
2046,both,88,267.3
2046,both,89,235.5
2046,both,90,202.5
2046,both,91,173.8
2046,both,92,142
2046,both,93,112.9
2046,both,94,88.4
2046,both,95,68.8
2046,both,96,52.1
2046,both,97,38.5
2046,both,98,28.1
2046,both,99,19.8
2046,both,100,29.4
2047,both,40,566.5
2047,both,41,557.2
2047,both,42,550.3
2047,both,43,550.6
2047,both,44,544.1
2047,both,45,543.5
2047,both,46,545
2047,both,47,552.5
2047,both,48,552.4
2047,both,49,559.1
2047,both,50,567.7
2047,both,51,581.3
2047,both,52,586.8
2047,both,53,585.5
2047,both,54,584.7
2047,both,55,584.8
2047,both,56,584.4
2047,both,57,579.9
2047,both,58,560.6
2047,both,59,544.9
2047,both,60,542.4
2047,both,61,546.2
2047,both,62,543.9
2047,both,63,537.4
2047,both,64,531.5
2047,both,65,523.2
2047,both,66,520.7
2047,both,67,507.5
2047,both,68,490.6
2047,both,69,477
2047,both,70,469
2047,both,71,461.4
2047,both,72,453.3
2047,both,73,435.9
2047,both,74,428
2047,both,75,424.9
2047,both,76,433.1
2047,both,77,420.6
2047,both,78,407.7
2047,both,79,394
2047,both,80,386
2047,both,81,391.9
2047,both,82,401.6
2047,both,83,395.6
2047,both,84,379.5
2047,both,85,352
2047,both,86,333.8
2047,both,87,304.4
2047,both,88,272.9
2047,both,89,243.2
2047,both,90,210.5
2047,both,91,177.6
2047,both,92,149.4
2047,both,93,119.4
2047,both,94,92.9
2047,both,95,70.9
2047,both,96,53.8
2047,both,97,39.7
2047,both,98,28.5
2047,both,99,20.1
2047,both,100,32.6
2048,both,40,578.9
2048,both,41,570.6
2048,both,42,560.6
2048,both,43,553.5
2048,both,44,553.3
2048,both,45,546.6
2048,both,46,545.5
2048,both,47,547.1
2048,both,48,554.1
2048,both,49,553.4
2048,both,50,560
2048,both,51,567.8
2048,both,52,581.7
2048,both,53,586.8
2048,both,54,585.1
2048,both,55,584.3
2048,both,56,584.3
2048,both,57,583.4
2048,both,58,579.1
2048,both,59,559.7
2048,both,60,543.9
2048,both,61,541.6
2048,both,62,545
2048,both,63,542.7
2048,both,64,535.9
2048,both,65,529.8
2048,both,66,521.2
2048,both,67,518.3
2048,both,68,505
2048,both,69,488
2048,both,70,474
2048,both,71,465.8
2048,both,72,457.8
2048,both,73,449.3
2048,both,74,431.5
2048,both,75,423.1
2048,both,76,419.3
2048,both,77,426.4
2048,both,78,413.4
2048,both,79,399.7
2048,both,80,385
2048,both,81,375.9
2048,both,82,380.1
2048,both,83,387.5
2048,both,84,379.4
2048,both,85,361.5
2048,both,86,332.6
2048,both,87,312.3
2048,both,88,281.3
2048,both,89,248.5
2048,both,90,217.5
2048,both,91,184.7
2048,both,92,152.7
2048,both,93,125.7
2048,both,94,98.2
2048,both,95,74.5
2048,both,96,55.5
2048,both,97,41
2048,both,98,29.4
2048,both,99,20.5
2048,both,100,34.9
2049,both,40,582.9
2049,both,41,583
2049,both,42,574.1
2049,both,43,563.9
2049,both,44,556.2
2049,both,45,555.8
2049,both,46,548.6
2049,both,47,547.6
2049,both,48,548.8
2049,both,49,555.1
2049,both,50,554.3
2049,both,51,560.3
2049,both,52,568.3
2049,both,53,581.7
2049,both,54,586.5
2049,both,55,584.8
2049,both,56,583.9
2049,both,57,583.5
2049,both,58,582.7
2049,both,59,578.3
2049,both,60,558.7
2049,both,61,543
2049,both,62,540.4
2049,both,63,543.8
2049,both,64,541.3
2049,both,65,534.2
2049,both,66,527.9
2049,both,67,519
2049,both,68,515.9
2049,both,69,502.4
2049,both,70,485.1
2049,both,71,470.9
2049,both,72,462.3
2049,both,73,453.9
2049,both,74,444.8
2049,both,75,426.6
2049,both,76,417.6
2049,both,77,413.1
2049,both,78,419.2
2049,both,79,405.3
2049,both,80,390.7
2049,both,81,375.1
2049,both,82,364.6
2049,both,83,366.9
2049,both,84,371.9
2049,both,85,361.7
2049,both,86,341.7
2049,both,87,311.3
2049,both,88,288.8
2049,both,89,256.4
2049,both,90,222.5
2049,both,91,191
2049,both,92,159
2049,both,93,128.6
2049,both,94,103.4
2049,both,95,78.9
2049,both,96,58.4
2049,both,97,42.3
2049,both,98,30.3
2049,both,99,21.1
2049,both,100,36.6
2050,both,40,584.9
2050,both,41,587.1
2050,both,42,586.4
2050,both,43,577.3
2050,both,44,566.6
2050,both,45,558.7
2050,both,46,557.9
2050,both,47,550.9
2050,both,48,549.3
2050,both,49,549.8
2050,both,50,556.1
2050,both,51,554.6
2050,both,52,560.8
2050,both,53,568.3
2050,both,54,581.3
2050,both,55,586.2
2050,both,56,584.4
2050,both,57,583.1
2050,both,58,582.7
2050,both,59,581.9
2050,both,60,577.2
2050,both,61,557.8
2050,both,62,541.9
2050,both,63,539.2
2050,both,64,542.4
2050,both,65,539.6
2050,both,66,532.4
2050,both,67,525.6
2050,both,68,516.6
2050,both,69,513.3
2050,both,70,499.5
2050,both,71,482
2050,both,72,467.3
2050,both,73,458.3
2050,both,74,449.5
2050,both,75,439.9
2050,both,76,421.2
2050,both,77,411.5
2050,both,78,406.2
2050,both,79,411.1
2050,both,80,396.3
2050,both,81,380.7
2050,both,82,364
2050,both,83,352.2
2050,both,84,352.3
2050,both,85,354.7
2050,both,86,342.1
2050,both,87,320
2050,both,88,288.1
2050,both,89,263.4
2050,both,90,229.6
2050,both,91,195.3
2050,both,92,164.4
2050,both,93,133.9
2050,both,94,105.9
2050,both,95,83.1
2050,both,96,61.8
2050,both,97,44.4
2050,both,98,31.3
2050,both,99,21.7
2050,both,100,38.1
2051,both,40,585.9
2051,both,41,589.1
2051,both,42,590.6
2051,both,43,589.7
2051,both,44,580
2051,both,45,569.2
2051,both,46,560.8
2051,both,47,560.1
2051,both,48,552.6
2051,both,49,550.5
2051,both,50,550.8
2051,both,51,556.4
2051,both,52,555.1
2051,both,53,560.9
2051,both,54,568.1
2051,both,55,581.2
2051,both,56,585.7
2051,both,57,583.7
2051,both,58,582.4
2051,both,59,581.9
2051,both,60,580.9
2051,both,61,576.3
2051,both,62,556.8
2051,both,63,540.8
2051,both,64,537.9
2051,both,65,540.8
2051,both,66,537.8
2051,both,67,530.2
2051,both,68,523.3
2051,both,69,514
2051,both,70,510.3
2051,both,71,496.2
2051,both,72,478.4
2051,both,73,463.5
2051,both,74,454
2051,both,75,444.6
2051,both,76,434.4
2051,both,77,415.1
2051,both,78,404.8
2051,both,79,398.6
2051,both,80,402.1
2051,both,81,386.4
2051,both,82,369.7
2051,both,83,351.7
2051,both,84,338.3
2051,both,85,336.2
2051,both,86,335.7
2051,both,87,320.6
2051,both,88,296.3
2051,both,89,262.9
2051,both,90,236
2051,both,91,201.8
2051,both,92,168.3
2051,both,93,138.5
2051,both,94,110.2
2051,both,95,85.1
2051,both,96,65
2051,both,97,47.1
2051,both,98,32.9
2051,both,99,22.5
2051,both,100,39.6
2052,both,40,588.8
2052,both,41,590.1
2052,both,42,592.8
2052,both,43,593.9
2052,both,44,592.4
2052,both,45,582.6
2052,both,46,571.3
2052,both,47,563
2052,both,48,561.8
2052,both,49,553.7
2052,both,50,551.4
2052,both,51,551.2
2052,both,52,557
2052,both,53,555.2
2052,both,54,560.6
2052,both,55,568
2052,both,56,580.8
2052,both,57,585.1
2052,both,58,583
2052,both,59,581.6
2052,both,60,581
2052,both,61,580
2052,both,62,575.3
2052,both,63,555.6
2052,both,64,539.6
2052,both,65,536.5
2052,both,66,539.1
2052,both,67,535.6
2052,both,68,527.9
2052,both,69,520.7
2052,both,70,511.1
2052,both,71,507.2
2052,both,72,492.6
2052,both,73,474.5
2052,both,74,459.2
2052,both,75,449.1
2052,both,76,439.1
2052,both,77,428.3
2052,both,78,408.4
2052,both,79,397.3
2052,both,80,390
2052,both,81,392.3
2052,both,82,375.3
2052,both,83,357.4
2052,both,84,338.2
2052,both,85,323
2052,both,86,318.4
2052,both,87,314.8
2052,both,88,297.1
2052,both,89,270.5
2052,both,90,235.6
2052,both,91,207.4
2052,both,92,173.8
2052,both,93,141.9
2052,both,94,114.2
2052,both,95,88.7
2052,both,96,66.7
2052,both,97,49.6
2052,both,98,34.9
2052,both,99,23.7
2052,both,100,40.9
2053,both,40,594.3
2053,both,41,593.1
2053,both,42,593.8
2053,both,43,596.1
2053,both,44,596.7
2053,both,45,595
2053,both,46,584.8
2053,both,47,573.6
2053,both,48,564.8
2053,both,49,563
2053,both,50,554.8
2053,both,51,551.9
2053,both,52,551.7
2053,both,53,557.1
2053,both,54,555.1
2053,both,55,560.6
2053,both,56,567.7
2053,both,57,580.1
2053,both,58,584.4
2053,both,59,582.2
2053,both,60,580.7
2053,both,61,580.1
2053,both,62,578.9
2053,both,63,574.1
2053,both,64,554.4
2053,both,65,538.1
2053,both,66,534.8
2053,both,67,537
2053,both,68,533.4
2053,both,69,525.5
2053,both,70,517.9
2053,both,71,508
2053,both,72,503.6
2053,both,73,488.8
2053,both,74,470.2
2053,both,75,454.4
2053,both,76,443.8
2053,both,77,433.1
2053,both,78,421.4
2053,both,79,401
2053,both,80,388.9
2053,both,81,380.5
2053,both,82,381.2
2053,both,83,363
2053,both,84,343.8
2053,both,85,323.1
2053,both,86,306.2
2053,both,87,298.7
2053,both,88,291.8
2053,both,89,271.3
2053,both,90,242.7
2053,both,91,207.3
2053,both,92,178.8
2053,both,93,146.7
2053,both,94,117
2053,both,95,91.8
2053,both,96,69.5
2053,both,97,50.9
2053,both,98,36.8
2053,both,99,25
2053,both,100,42.7
2054,both,40,601.5
2054,both,41,598.6
2054,both,42,596.8
2054,both,43,597.2
2054,both,44,598.9
2054,both,45,599.3
2054,both,46,597.2
2054,both,47,587
2054,both,48,575.3
2054,both,49,566
2054,both,50,564
2054,both,51,555.1
2054,both,52,552.5
2054,both,53,552
2054,both,54,557
2054,both,55,555.1
2054,both,56,560.4
2054,both,57,567.1
2054,both,58,579.5
2054,both,59,583.7
2054,both,60,581.4
2054,both,61,579.9
2054,both,62,579.1
2054,both,63,577.8
2054,both,64,572.8
2054,both,65,552.9
2054,both,66,536.4
2054,both,67,532.7
2054,both,68,534.7
2054,both,69,530.9
2054,both,70,522.6
2054,both,71,514.9
2054,both,72,504.6
2054,both,73,499.7
2054,both,74,484.4
2054,both,75,465.4
2054,both,76,449.1
2054,both,77,437.7
2054,both,78,426.3
2054,both,79,413.9
2054,both,80,392.7
2054,both,81,379.6
2054,both,82,370
2054,both,83,368.8
2054,both,84,349.3
2054,both,85,328.5
2054,both,86,306.3
2054,both,87,287.4
2054,both,88,277
2054,both,89,266.7
2054,both,90,243.5
2054,both,91,213.5
2054,both,92,178.8
2054,both,93,150.9
2054,both,94,120.9
2054,both,95,94.2
2054,both,96,72
2054,both,97,53.1
2054,both,98,37.7
2054,both,99,26.4
2054,both,100,44.8
2055,both,40,607.9
2055,both,41,605.7
2055,both,42,602.3
2055,both,43,600.2
2055,both,44,600
2055,both,45,601.5
2055,both,46,601.5
2055,both,47,599.5
2055,both,48,588.8
2055,both,49,576.5
2055,both,50,567.1
2055,both,51,564.5
2055,both,52,555.8
2055,both,53,552.8
2055,both,54,551.9
2055,both,55,557
2055,both,56,554.9
2055,both,57,559.8
2055,both,58,566.6
2055,both,59,578.9
2055,both,60,582.8
2055,both,61,580.6
2055,both,62,578.9
2055,both,63,578.1
2055,both,64,576.5
2055,both,65,571.3
2055,both,66,551.3
2055,both,67,534.6
2055,both,68,530.7
2055,both,69,532.3
2055,both,70,528.1
2055,both,71,519.6
2055,both,72,511.4
2055,both,73,500.8
2055,both,74,495.2
2055,both,75,479.5
2055,both,76,460.1
2055,both,77,443
2055,both,78,431.1
2055,both,79,418.8
2055,both,80,405.5
2055,both,81,383.4
2055,both,82,369.2
2055,both,83,358.1
2055,both,84,355.1
2055,both,85,334.1
2055,both,86,311.7
2055,both,87,287.7
2055,both,88,266.8
2055,both,89,253.4
2055,both,90,239.5
2055,both,91,214.3
2055,both,92,184.2
2055,both,93,151
2055,both,94,124.6
2055,both,95,97.4
2055,both,96,73.9
2055,both,97,55
2055,both,98,39.4
2055,both,99,27.1
2055,both,100,47.1
2056,both,40,614.2
2056,both,41,612.3
2056,both,42,609.5
2056,both,43,605.7
2056,both,44,603.1
2056,both,45,602.7
2056,both,46,603.7
2056,both,47,603.8
2056,both,48,601.3
2056,both,49,590
2056,both,50,577.6
2056,both,51,567.5
2056,both,52,565.1
2056,both,53,556.1
2056,both,54,552.7
2056,both,55,552
2056,both,56,556.9
2056,both,57,554.4
2056,both,58,559.4
2056,both,59,566
2056,both,60,578.1
2056,both,61,582.1
2056,both,62,579.7
2056,both,63,577.9
2056,both,64,576.8
2056,both,65,575
2056,both,66,569.7
2056,both,67,549.3
2056,both,68,532.4
2056,both,69,528.3
2056,both,70,529.7
2056,both,71,525.2
2056,both,72,516.2
2056,both,73,507.6
2056,both,74,496.5
2056,both,75,490.4
2056,both,76,474.1
2056,both,77,454
2056,both,78,436.4
2056,both,79,423.6
2056,both,80,410.4
2056,both,81,396.1
2056,both,82,373.1
2056,both,83,357.6
2056,both,84,345
2056,both,85,339.8
2056,both,86,317.1
2056,both,87,293
2056,both,88,267.2
2056,both,89,244.1
2056,both,90,227.6
2056,both,91,211
2056,both,92,185.1
2056,both,93,155.6
2056,both,94,124.6
2056,both,95,100.3
2056,both,96,76.4
2056,both,97,56.5
2056,both,98,40.8
2056,both,99,28.3
2056,both,100,49.1
2057,both,40,620.4
2057,both,41,618.6
2057,both,42,616
2057,both,43,613
2057,both,44,608.6
2057,both,45,605.8
2057,both,46,604.9
2057,both,47,606
2057,both,48,605.5
2057,both,49,602.4
2057,both,50,591
2057,both,51,578
2057,both,52,568.2
2057,both,53,565.3
2057,both,54,556.1
2057,both,55,552.8
2057,both,56,551.8
2057,both,57,556.4
2057,both,58,554
2057,both,59,558.9
2057,both,60,565.3
2057,both,61,577.4
2057,both,62,581.2
2057,both,63,578.7
2057,both,64,576.7
2057,both,65,575.4
2057,both,66,573.5
2057,both,67,567.6
2057,both,68,547.1
2057,both,69,530.2
2057,both,70,525.7
2057,both,71,526.7
2057,both,72,521.9
2057,both,73,512.4
2057,both,74,503.4
2057,both,75,491.7
2057,both,76,484.9
2057,both,77,467.9
2057,both,78,447.3
2057,both,79,428.9
2057,both,80,415.3
2057,both,81,401.1
2057,both,82,385.6
2057,both,83,361.6
2057,both,84,344.6
2057,both,85,330.3
2057,both,86,322.7
2057,both,87,298.2
2057,both,88,272.3
2057,both,89,244.7
2057,both,90,219.4
2057,both,91,200.6
2057,both,92,182.2
2057,both,93,156.5
2057,both,94,128.5
2057,both,95,100.4
2057,both,96,78.8
2057,both,97,58.5
2057,both,98,41.9
2057,both,99,29.4
2057,both,100,51.3
2058,both,40,626.3
2058,both,41,624.8
2058,both,42,622.5
2058,both,43,619.5
2058,both,44,615.9
2058,both,45,611.4
2058,both,46,608.1
2058,both,47,607.3
2058,both,48,607.9
2058,both,49,606.7
2058,both,50,603.5
2058,both,51,591.5
2058,both,52,578.7
2058,both,53,568.5
2058,both,54,565.4
2058,both,55,556.1
2058,both,56,552.8
2058,both,57,551.4
2058,both,58,556
2058,both,59,553.5
2058,both,60,558.2
2058,both,61,564.7
2058,both,62,576.6
2058,both,63,580.3
2058,both,64,577.6
2058,both,65,575.4
2058,both,66,573.9
2058,both,67,571.4
2058,both,68,565.5
2058,both,69,544.9
2058,both,70,527.6
2058,both,71,522.9
2058,both,72,523.4
2058,both,73,518.1
2058,both,74,508.3
2058,both,75,498.6
2058,both,76,486.3
2058,both,77,478.8
2058,both,78,461.2
2058,both,79,439.8
2058,both,80,420.7
2058,both,81,405.9
2058,both,82,390.6
2058,both,83,373.8
2058,both,84,348.5
2058,both,85,330
2058,both,86,313.8
2058,both,87,303.6
2058,both,88,277.3
2058,both,89,249.5
2058,both,90,220.1
2058,both,91,193.5
2058,both,92,173.4
2058,both,93,154.2
2058,both,94,129.2
2058,both,95,103.7
2058,both,96,78.9
2058,both,97,60.2
2058,both,98,43.4
2058,both,99,30.2
2058,both,100,53.4
2059,both,40,632
2059,both,41,630.8
2059,both,42,628.7
2059,both,43,625.9
2059,both,44,622.5
2059,both,45,618.7
2059,both,46,613.7
2059,both,47,610.5
2059,both,48,609.2
2059,both,49,609.1
2059,both,50,607.9
2059,both,51,603.9
2059,both,52,592.2
2059,both,53,579
2059,both,54,568.5
2059,both,55,565.5
2059,both,56,556.2
2059,both,57,552.3
2059,both,58,551.1
2059,both,59,555.6
2059,both,60,552.8
2059,both,61,557.6
2059,both,62,563.9
2059,both,63,575.6
2059,both,64,579.2
2059,both,65,576.3
2059,both,66,573.9
2059,both,67,571.9
2059,both,68,569.3
2059,both,69,563.1
2059,both,70,542.3
2059,both,71,524.8
2059,both,72,519.8
2059,both,73,519.8
2059,both,74,513.9
2059,both,75,503.5
2059,both,76,493.2
2059,both,77,480.2
2059,both,78,472
2059,both,79,453.6
2059,both,80,431.4
2059,both,81,411.3
2059,both,82,395.5
2059,both,83,378.7
2059,both,84,360.5
2059,both,85,334
2059,both,86,313.8
2059,both,87,295.4
2059,both,88,282.4
2059,both,89,254.1
2059,both,90,224.5
2059,both,91,194.2
2059,both,92,167.4
2059,both,93,146.7
2059,both,94,127.4
2059,both,95,104.2
2059,both,96,81.5
2059,both,97,60.4
2059,both,98,44.8
2059,both,99,31.3
2059,both,100,55.3
2060,both,40,637.5
2060,both,41,636.5
2060,both,42,634.6
2060,both,43,632.2
2060,both,44,629
2060,both,45,625.3
2060,both,46,621.1
2060,both,47,616.1
2060,both,48,612.4
2060,both,49,610.5
2060,both,50,610.3
2060,both,51,608.4
2060,both,52,604.6
2060,both,53,592.5
2060,both,54,579
2060,both,55,568.6
2060,both,56,565.4
2060,both,57,555.7
2060,both,58,552
2060,both,59,550.7
2060,both,60,555
2060,both,61,552.3
2060,both,62,557
2060,both,63,563.2
2060,both,64,574.7
2060,both,65,577.9
2060,both,66,574.8
2060,both,67,571.9
2060,both,68,569.8
2060,both,69,567
2060,both,70,560.5
2060,both,71,539.5
2060,both,72,521.8
2060,both,73,516.2
2060,both,74,515.7
2060,both,75,509.2
2060,both,76,498.2
2060,both,77,487.2
2060,both,78,473.5
2060,both,79,464.4
2060,both,80,445.1
2060,both,81,422
2060,both,82,400.9
2060,both,83,383.6
2060,both,84,365.5
2060,both,85,345.6
2060,both,86,317.7
2060,both,87,295.6
2060,both,88,275
2060,both,89,259.1
2060,both,90,228.8
2060,both,91,198.2
2060,both,92,168
2060,both,93,141.7
2060,both,94,121.3
2060,both,95,102.8
2060,both,96,82
2060,both,97,62.4
2060,both,98,44.9
2060,both,99,32.2
2060,both,100,57.2
2061,both,40,642.6
2061,both,41,641.9
2061,both,42,640.4
2061,both,43,638.2
2061,both,44,635.2
2061,both,45,631.8
2061,both,46,627.7
2061,both,47,623.4
2061,both,48,618.1
2061,both,49,613.6
2061,both,50,611.6
2061,both,51,610.8
2061,both,52,609
2061,both,53,604.9
2061,both,54,592.5
2061,both,55,579.2
2061,both,56,568.6
2061,both,57,565
2061,both,58,555.4
2061,both,59,551.6
2061,both,60,550.1
2061,both,61,554.5
2061,both,62,551.8
2061,both,63,556.2
2061,both,64,562.2
2061,both,65,573.5
2061,both,66,576.5
2061,both,67,573
2061,both,68,570
2061,both,69,567.6
2061,both,70,564.5
2061,both,71,557.7
2061,both,72,536.4
2061,both,73,518.3
2061,both,74,512.2
2061,both,75,511.1
2061,both,76,504.1
2061,both,77,492.3
2061,both,78,480.6
2061,both,79,466
2061,both,80,455.8
2061,both,81,435.6
2061,both,82,411.4
2061,both,83,389.1
2061,both,84,370.4
2061,both,85,350.6
2061,both,86,329
2061,both,87,299.5
2061,both,88,275.3
2061,both,89,252.3
2061,both,90,233.4
2061,both,91,202.1
2061,both,92,171.5
2061,both,93,142.3
2061,both,94,117.2
2061,both,95,97.9
2061,both,96,80.9
2061,both,97,62.8
2061,both,98,46.3
2061,both,99,32.3
2061,both,100,59.2
2062,both,40,647.4
2062,both,41,647.2
2062,both,42,645.9
2062,both,43,644
2062,both,44,641.3
2062,both,45,638.2
2062,both,46,634.2
2062,both,47,630.1
2062,both,48,625.4
2062,both,49,619.4
2062,both,50,614.9
2062,both,51,612.1
2062,both,52,611.5
2062,both,53,609.4
2062,both,54,604.9
2062,both,55,592.5
2062,both,56,579.1
2062,both,57,568.2
2062,both,58,564.8
2062,both,59,555.1
2062,both,60,551.1
2062,both,61,549.7
2062,both,62,553.9
2062,both,63,551
2062,both,64,555.4
2062,both,65,561.1
2062,both,66,572.1
2062,both,67,574.7
2062,both,68,571
2062,both,69,567.8
2062,both,70,565.2
2062,both,71,561.8
2062,both,72,554.6
2062,both,73,533
2062,both,74,514.4
2062,both,75,507.8
2062,both,76,506
2062,both,77,498.1
2062,both,78,485.6
2062,both,79,473
2062,both,80,457.6
2062,both,81,446.1
2062,both,82,424.8
2062,both,83,399.5
2062,both,84,375.8
2062,both,85,355.5
2062,both,86,333.9
2062,both,87,310.2
2062,both,88,279.2
2062,both,89,252.8
2062,both,90,227.5
2062,both,91,206.2
2062,both,92,175
2062,both,93,145.4
2062,both,94,117.8
2062,both,95,94.7
2062,both,96,77
2062,both,97,62
2062,both,98,46.7
2062,both,99,33.4
2062,both,100,60.5
2063,both,40,650.1
2063,both,41,652.1
2063,both,42,651.2
2063,both,43,649.6
2063,both,44,647.1
2063,both,45,644.3
2063,both,46,640.6
2063,both,47,636.7
2063,both,48,632.2
2063,both,49,626.8
2063,both,50,620.5
2063,both,51,615.4
2063,both,52,612.8
2063,both,53,611.9
2063,both,54,609.4
2063,both,55,605
2063,both,56,592.6
2063,both,57,578.7
2063,both,58,568
2063,both,59,564.4
2063,both,60,554.6
2063,both,61,550.8
2063,both,62,549.2
2063,both,63,553.3
2063,both,64,550.3
2063,both,65,554.3
2063,both,66,559.8
2063,both,67,570.3
2063,both,68,572.8
2063,both,69,568.9
2063,both,70,565.4
2063,both,71,562.4
2063,both,72,558.6
2063,both,73,551
2063,both,74,529
2063,both,75,510
2063,both,76,502.8
2063,both,77,500.2
2063,both,78,491.5
2063,both,79,478.2
2063,both,80,464.6
2063,both,81,448.1
2063,both,82,435.3
2063,both,83,412.6
2063,both,84,386
2063,both,85,360.8
2063,both,86,338.7
2063,both,87,315
2063,both,88,289.3
2063,both,89,256.4
2063,both,90,228
2063,both,91,201.1
2063,both,92,178.6
2063,both,93,148.4
2063,both,94,120.4
2063,both,95,95.2
2063,both,96,74.5
2063,both,97,59.1
2063,both,98,46.1
2063,both,99,33.7
2063,both,100,62.1
